ID	#ofRT	HashTags	TweetId	Date	TweetText	Output	URLs	User	Numbers
20	50	WhitePeople	8.63591815051694E+017	2017-05-13 23:45:06	"Which group is the most oppressed?

"			MWMWWWWWWWWWMWM	2135
150	65	WhitePeople	8.63591923574911E+017	2017-05-14 00:15:19	"Is there such thing as white privilege?

"			trumpocrat	2132
1674	0	WhitePeople	8.6359322103672E+017	2017-05-14 03:14:03	"The Govt census now considers Hispanics white.
What is all of this fuss?
  "			RayKoagel	2125
139	70	WhitePeople	8.63591910287577E+017	2017-05-14 02:33:36	 is trending for everyone to hate on Whites and If your a white male who's proud of his heritage you're a racist fucking NAZI	NAZI		RedPilled88	2122
1571	1		8.63593142745842E+017	2017-05-14 02:50:24	"Wait, what? This makes no sense. How can a group of people not have a ""culture""? Everyone has culture. "			word_in_edgewis	2118
217	154	WhitePeople	8.6359197860019E+017	2017-05-14 01:54:12	"When  set their minds towards a goal there is nothing they cannot accomplish.
Be proud of your heritage‚Ä¶ "			NathanielGSmith	2107
260	4	WhitePeople	8.63592014025183E+017	2017-05-14 02:37:06	" Don't Lose Your Head
Children as young as five turned into executioners   via‚Ä¶ "		http://dailym.ai/2rbZcdu	58Nodoubt	2096
32	829	WhitePeople	8.63591821984662E+017	2017-05-13 23:05:34	Without , blacks would still be in slavery. My ancestors fought and died to end it. Where are my repara‚Ä¶ 			hrt2know	2091
1268	141		8.63592887056978E+017	2017-05-14 00:56:20	No society ever thrived because it had a large and growing class of parasites living off those who produce. ~Thomas‚Ä¶ 			dianedavis8180	2089
1220	1		8.63592839686402E+017	2017-05-14 01:32:03	"Villain to the left ‚úî
Developed the most successful tolerant societies in history ‚úî
Now let leftists try to destroy them‚úî
 
"			SF_ProudBoys	2084
1209	2	WhitePeople	8.63592832434528E+017	2017-05-14 03:07:47	I'm an anti-racist so that means I hate all 			KurtPzrLehr	2080
1741	7		8.63593282357613E+017	2017-05-13 23:33:18	tariq na-sherlock holmes at it again 		https://twitter.com/tariqnasheed/status/863536636059045888	_TheRevelator	2077
411	105	whitepeople	8.6359213425077E+017	2017-05-13 23:13:33	"Take a look at Trump supporters on the  hashtag - totally ""not-racist"" "	Trump		fancynancysays	2076
252	1	WhitePeople, WhiteHistoryMonth	8.63592010401423E+017	2017-05-14 03:06:38	@BancoRana @Rambobiggs  need TRUE Equality 			Walkingstickm2n	2075
312	0	whitepeople	8.63592043901211E+017	2017-05-14 03:09:22	Yikes  is full of some serious, top notch shit			posteverythinga	2068
26	23	WhitePeople	8.63591819870744E+017	2017-05-14 02:46:38	Not really sure why  would be trending. Sad to see many fellow liberals are attacking my skin color while republicans defend it.			ktd101551	2067
446	0		8.63592166911816E+017	2017-05-14 03:09:52	@ferree_g @_Makada_ Democrats tried to normalize hatred against whites for political power, that's what nappened. Right @johngreen? 		https://twitter.com/i/web/status/863592166911815680	JizzCannon	2060
877	0	whitepeople, MAGA	8.63592554620756E+017	2017-05-14 03:11:24	I'm not , but my husband is and we love Trump, because in spite of the dummies on the left, he is 			BeachSideKnits	2055
574	84	WhitePeople	8.63592266832773E+017	2017-05-13 22:02:13	""" fought to free themselves, then they fought to free black people, then they fought to free women."" -H‚Ä¶ "			LoveOurPeoples	2054
1104	0		8.63592740705231E+017	2017-05-14 03:12:08	As do I. Very grateful to ancestors who came 2 USA LEGALLY to give me blessing of Freedom! RT if you are too! 		https://twitter.com/irmahinojosa_/status/863584204285661184	madmommab	2053
1631	0	WhitePeople	8.63593188790985E+017	2017-05-14 03:13:55	 at least I don't fuck my son like Mexican fem do lolol			Felisha83819049	2052
713	0		8.6359240722031E+017	2017-05-14 03:10:49	Correct. If you're not racist, nothing about this should offend you. üëèüèº 		https://twitter.com/jrwoke/status/863584031295885315	heatherg	2050
663	198	dank, WhitePeople	8.63592360898429E+017	2017-05-14 00:10:09	"When your mom passes the family school shooting gun down to you ..
  "			torisparksxo	2038
1354	0		8.6359296096068E+017	2017-05-14 03:13:01	This tweet is what this hashtag should be used for 		https://twitter.com/tony7perfect/status/863581920394788864	TechBug2012	2037
794	0		8.6359247064637E+017	2017-05-14 03:11:04	Who ever told U 2B ashamed? Atrocities commited by Europeans against indigenous people worldwide NOTHING2 B rejoicing N. Europeans R Great! 	Europeans	https://twitter.com/i/web/status/863592470646370305	MichelStumvoll	2035
106	120		8.63591880407355E+017	2017-05-14 00:14:30	"I've never been asked by POC to feel ashamed for my skin color. Ironic as POC are told to feel ashamed for theirs every day.

"			harbend	2032
1902	0		8.63593428948537E+017	2017-05-14 03:14:52	"(((us)))

You have to go back. "		https://twitter.com/XV1980/status/863587799034773505	JDVandersnoot	2031
792	0		8.63592467874161E+017	2017-05-14 03:11:03	Shut up, you shithouse. 		https://twitter.com/ResistTrump7/status/863574174081572865	ImGregCook	2026
1250	0	WhitePeople	8.63592871697543E+017	2017-05-14 03:12:40	 it's been fun and remember stay white keep out of the sun stop taking heroin quit sleeping with your kids and you'll prosper			SoulFunktionMCR	2024
1485	0	WhitePeople	8.63593076773794E+017	2017-05-14 03:13:28	Yo did y'all peep this hashtag trending? Lmao cus why 			YourFavoriteEx_	2017
18	20	BlackGirlMagic	8.63591814955237E+017	2017-05-14 03:01:15	Thx. Please forward the name of your plastic surgeon. And which  lips did u opt for? Small, medium,‚Ä¶ 			Muthawalker	2013
158	0		8.63591930709651E+017	2017-05-14 03:08:55	Can I rt this 10 times?üôÉ 		https://twitter.com/armastrangelo/status/863585260549922817	emmygrace2016	2010
298	4	WhitePeople	8.63592038117159E+017	2017-05-14 02:21:21	 problems 			TheFactualGamer	2009
1796	0	WhitePeople	8.63593332857069E+017	2017-05-14 03:14:29	 lives will always matter			sawmilltaters	2001
965	0	WhitePeople	8.63592624065716E+017	2017-05-14 03:11:41	"@Xintani_ üëàjust make some shit up..no one will care.
 "			RubberBlon	1992
1064	14	WattersWorld, JudgeJeanine, Whitepeople	8.63592708069347E+017	2017-05-14 00:59:44	"What's up Chuck.
   "			dcgilltx	1986
1957	0	WhitePeople	8.63593481645589E+017	2017-05-14 03:15:05	@lxrdkayy I just HATE when Liberals accuse NICE  Trump supporters &amp; GOP racist! Breaks my heart! 	Liberals accuse NICE Trump		TeaTraitors	1985
1765	0	whitepeople	8.63593304054804E+017	2017-05-14 03:14:23	why is  trending? 			zagthehuman	1984
1404	0	WhitePeople, WhitePeople	8.63593011963408E+017	2017-05-14 03:13:13	": we are conquerors! Be proud of your white skin! 

Also : REVERSE RACISM IS AS BAD AS RACISM "		https://twitter.com/i/web/status/863593011963408384	SonMcGillicuddy	1983
557	0		8.63592255789167E+017	2017-05-14 03:10:13	Not a conservative but I kind of agree with this 		https://twitter.com/armastrangelo/status/863585260549922817	TechBug2012	1978
1175	0		8.63592805041656E+017	2017-05-14 03:12:24	I agree!I'm proud to be white too &amp; everyone should be proud of their race no matter what, it's just showing God gratitude.  	God	https://twitter.com/i/web/status/863592805041655808	colettey6	1976
1045	0	WhitePeople	8.63592690608484E+017	2017-05-14 03:11:56	 need to relax, take a breath and be noble, magnanimous and partner up to make America safe again	America		R46408488	1975
34	0	WhitePeople	8.63591824753078E+017	2017-05-14 03:08:30	 got these POCs scared. Nice going fam. 		https://twitter.com/Rammel_23/status/863588013741416448	JDVandersnoot	1974
324	0	WhitePeople	8.63592052331868E+017	2017-05-14 03:09:24	"Blocked.

 only "		https://twitter.com/KeirstenAndress/status/863591617336418304	JDVandersnoot	1970
1857	0	whitepeople	8.63593389429735E+017	2017-05-14 03:14:43	I'm proud to be a Anglo Celtic Australian get mad left winged social justice cunts  	Anglo Celtic Australian		reaperthegrim31	1965
1237	162	WhitePeople	8.63592852198236E+017	2017-05-13 23:59:19	 is trending. I'd like to thank white people for all of this. 			finnationalist	1964
59	0	WhitePeople	8.63591844101345E+017	2017-05-14 03:08:35	"you have 2 admit
""Liberty University"" is silly from bar 1.
 how absurd do they need to get?
"	Liberty University		88weighted	1957
397	71	WhitePeople	8.63592125384061E+017	2017-05-14 02:04:31	"I love all people, we are all created in God's image... sad that liberals start to forget about i!
 "	God		VSigourney1	1955
1169	0		8.6359279794491E+017	2017-05-14 03:12:22	"White ppl love using MLK as some kind of example of ""the good blacks""ism. 

Especially since he can't speak for himself. Assassinated &amp; all. "		https://twitter.com/i/web/status/863592797944909824	BlackNerdJade	1952
216	616	WhitePeople	8.63591977773933E+017	2017-05-13 22:19:19	I love  &amp; I'm sick of all the hate that's spewed at them from racist minorities &amp; liberals who suffer f‚Ä¶ 			ladihawke65	1950
288	22	WhitePeople	8.63592032836739E+017	2017-05-14 02:16:12	 is trending because of bot accounts. 			pete122661	1949
568	0	WhitePeople	8.63592261141099E+017	2017-05-14 03:10:14	Proud of my culture, Proud of my people's history. B4 America there was no end to slavery in sight. Slavery? We shit it down 	America		NotATrollololo	1947
421	77	WhitePeople	8.63592148591153E+017	2017-05-13 22:55:09	"Liberals see racism where it doesn't exist
 "			ETVT	1938
789	0	WhitePeople	8.63592467089596E+017	2017-05-14 03:11:03	 @realbrockturner here you go asshole.The privilege of being white. While an African American would have done life 4 what u did			ZigChigurh88	1936
354	317		8.63592079351571E+017	2017-05-13 23:43:12	Since we are on the subject of racism, spot the difference between the real Juno Mission team and Google's interpre‚Ä¶ 	Juno Mission,Google		kosmosflux	1932
1865	0		8.63593399185797E+017	2017-05-14 03:14:45	üòÇü§¶üèæ‚Äç‚ôÄÔ∏èI swear Trump supporters be saying the dumbest shit to make an uproar. 	Trump	https://twitter.com/lxrdkayy/status/863582760182657025	chiIdishburgos	1926
161	378	whitepeople	8.63591934471926E+017	2017-05-14 00:34:55	"I see a sea of RED PEOPLE!

Dems want you to believe they're all  üòÇ "			clark7950	1925
500	185	WhitePeople, WhiteGenocide	8.63592213443482E+017	2017-05-14 00:11:11	" are less than 8% of the worlds population!  

Protect real diversity! Fight ! "			finnationalist	1924
472	0	DeadEnd	8.63592189741466E+017	2017-05-14 03:09:57	self-segregation by SOME militant niggaz  		https://twitter.com/PolitiDiva/status/863552295572819970	TeaPartyStance	1923
230	4	WhitePeople, WhitePeople	8.63591992793514E+017	2017-05-14 03:05:29	Funny how everyone loves to hate , yet everyone wants to live in the great western civilizations  created üôÑ			LCMarsh2	1916
763	0		8.63592449117237E+017	2017-05-14 03:10:59	"So many white cucks.
This wont get you pussy
At least not any worth while "		https://twitter.com/cmclymer/status/863548477833445376	fufabunny	1914
914	0	WhitePeople	8.6359258923203E+017	2017-05-14 03:11:32	 Lucky I'm 1/64 Crow, allows me to escape the whole white guilt thing.	Crow		ebell_missouri	1912
618	0	WhitePeople	8.63592315813868E+017	2017-05-14 03:10:27	 got no style. 			EscapeVelo	1908
1976	0	WhitePeople	8.63593499618189E+017	2017-05-14 03:15:09	dear fellow , we are awkward. oh well. hug a person of color. it may not improve anything but hugs are nice.			calvinhahcomedy	1906
1393	0		8.63592998772367E+017	2017-05-14 03:13:10	How about the ability to not be that smart but can still win an election... that's just one... 		https://twitter.com/deplorablekash/status/863591888330383360	MapAnalyst	1903
198	1	WhitePeople, BlackPeople	8.63591961172689E+017	2017-05-14 03:07:48	" are fine.  are also fine.

No matter your race, you're capable of being racist. Don't do that. No one likes a cunt."			Felisha83819049	1902
1859	0		8.63593389782163E+017	2017-05-14 03:14:43	This happens when you don't know history. Wonder if she knows those racists jumped to @GOP when LBJ passed Civil Rights Laws...  	LBJ	https://twitter.com/i/web/status/863593389782163456	SpiceMasa	1900
30	0	Commie, WhitePeople	8.63591726614794E+017	2017-05-14 03:08:07	The words and beliefs that my words reflect built and nurtured this nation. Get a clue .  		https://twitter.com/LadyBugz528/status/863590906619887616	Conservative220	1892
20	0	Eurovision, UFC211, Portugal, WhitePeople	8.63591719463301E+017	2017-05-14 03:08:05	Bill and Hillary Clinton Body Count   i   	Bill,Hillary Clinton Body	http://www.youtube.com/watch?v=b1ZAqCi1mhs	TureChapa	1888
1947	0	WhitePeople, PoetryFlow	8.63593475715084E+017	2017-05-14 03:15:04	When Black People lights go out, we plan it. When  lights go out, they PANIC!  üòÇüòÇüòÇüòÇ			BiGoddess_85	1882
25	21	WhitePeople	8.63591818709144E+017	2017-05-14 00:37:02	"The age of guilt is over.

 "			TheFunEndsNow	1871
611	1	whitepeople	8.63592307664323E+017	2017-05-14 03:08:21	since  is trending (???) here are some insightful words for your saturday night 			bambinohes	1870
31	80	WhitePeople	8.63591822005809E+017	2017-05-14 02:42:25	Liberals, every time you make a comment about , say the exact same thing, but change the race, then hear how ignorant you sound.			RedPilled88	1868
1871	0	WhitePeople	8.63593404583862E+017	2017-05-14 03:14:47	Lighter shade of brown 			RScandle	1865
1127	62	WhitePeople	8.63592756643365E+017	2017-05-13 23:28:37	Liberalism does strange things to your brain.  			dgdocter12	1864
562	0	whitepeople, crabpeople	8.63592257550766E+017	2017-05-14 03:10:13	So Twitter can just let  trend like it's nothing, but if  were trending then there would be riots in the streets. 	Twitter	https://twitter.com/i/web/status/863592257550766080	stin_Smith	1859
349	0		8.63592074645557E+017	2017-05-14 03:09:30	The sooner the better.. know your place... 		https://twitter.com/jeffgiesea/status/863533643947552768	AetherOfLove	1857
3	101	WhitePeople	8.63591697711862E+017	2017-05-14 02:38:13	I love . Don't be ashamed of your race or loving your heritage because it's a taboo now. I love my European heritage. üá∫üá∏üëåüèº			shooberto	1846
52	15	WhitePeople	8.63591839542034E+017	2017-05-14 00:29:49	"We're. Not. Sorry. 

 "			TheFunEndsNow	1844
1606	57	WhitePeople	8.63593172919869E+017	2017-05-13 23:17:12	The left is vilifying an entire race of people based on their own stereotypes &amp; prejudices of  . Hypocrites!			grodri56	1837
474	2		8.6359219134788E+017	2017-05-14 02:47:24	you're so brave thank you for sharing your story 		https://twitter.com/AshleyWarrior/status/863537846724030465	Goobinator02	1834
1759	0		8.63593294294593E+017	2017-05-14 03:14:20	we hate white people like youuuu not all of them babygirl 		https://twitter.com/kmberly4trump/status/863581068447842305	WhenYourePretty	1831
362	2	WhitePeople	8.63592092043489E+017	2017-05-14 03:01:18	 are alright.			ChrisTechBrown	1826
1456	0	whitepeople, SideEye, deadEye	8.63593049477313E+017	2017-05-14 03:13:22	"When  say they wanna 'make America great again' ..  



They are either
complete selfish asses
or Ignant af "	America	https://twitter.com/i/web/status/863593049477312516	9t_9p	1823
422	3	WhitePeople	8.63592148922388E+017	2017-05-14 03:05:22	" aren't the problem

White LIbs are

üëâFought for slavery
üëâEnacted Jim Crow
üëâFounded KKK


 "	Jim CrowüëâFounded KKK		Michael72172097	1822
1532	0	WhitePeople	8.63593117165007E+017	2017-05-14 03:13:38	Girl...what's happening in this tag 			sailor_misty	1820
195	0	zacbrownbandlive, WhitePeople, svengoolie, CHIvSEA, Gutfeld, JJWCC2017	8.63591958865822E+017	2017-05-14 03:09:02	 ,  ,  , Sounders ,  ,  , Hansel Robles , Gignac , 	Sounders,Hansel Robles,Gignac		nipponupdate	1818
209	0	WhitePeople	8.63591970551194E+017	2017-05-14 03:09:05	 *enslaved people to get out of their own work &amp; stopped those same ppl from getting educations* : we built this country.			zakeeakardash	1812
902	2	love, WhitePeople	8.63592576900891E+017	2017-05-14 02:49:48	  love white everything! 		https://twitter.com/AshleyWarrior/status/863537846724030465	Goobinator02	1810
1302	0		8.63592919088865E+017	2017-05-14 03:12:51	"@fdell3 hey! Vladimir Caddie guy!

It seems there's a Gopher in my pant.
NO, I AM NOT GLAD TO SEE YOU!

 "	Vladimir Caddie	https://twitter.com/i/web/status/863592919088865280	CheetahPizzas	1809
402	40	WhitePeople	8.63592127279891E+017	2017-05-14 01:02:03	"""*OUR* race built this civilization!""
""What about slavery and genocide?""
""Hey, *I* wasn't a part of that...""

"			Rosie_Zadinia	1807
1375	3	WhitePeople	8.63592978853638E+017	2017-05-14 03:01:22	"Pssst.. The Constitution was written up and signed by  üò≤üò≤ ""them crackers so evil trying to make a civilized society and shit"" üòÇüòÇ"	Constitution		VSigourney1	1801
50	0	whitepeople	8.63591743522038E+017	2017-05-14 03:08:11	Just so everyone knows, we don't claim the white people crying how they're oppressed in the  hashtag. They're on their own. 		https://twitter.com/i/web/status/863591743522037760	King_Dennis13	1798
11	959		8.63591806767911E+017	2017-05-13 23:46:53	"Liberals cry ""racism"" whenever somebody says something they disagree with yet leftists love to openly promote racism against ."			PhilipBeamSr	1796
1634	0		8.63593190967915E+017	2017-05-14 03:13:56	Why don't you? You don't think white people don't like black people? How's the love in Africa? Or Asia and India? Do They love white people? 	Africa,Asia,India	https://twitter.com/i/web/status/863593190967914496	Trumpforpres4	1790
1019	1	whitepeople, crabpeople	8.63592672585495E+017	2017-05-14 03:10:13	So Twitter can just let  trend like it's nothing, but if  were trending then there would be‚Ä¶ 	Twitter		J0hnnyKapahala	1781
32	219	WhitePeople	8.63591729592664E+017	2017-05-13 22:41:33	Why are nations founded by  the most free &amp; tolerant? There are Currently slaves in Africa &amp; Middle East yet whites are evil..	Africa,Middle East		doc_redpilled	1777
1245	0	WhitePeople	8.63592861996126E+017	2017-05-14 03:12:37	buuuuuttt  kinda screwed all that up in the past and today soooo racism remains 		https://twitter.com/ethanmo55/status/863591531952865281	Jrwoke	1774
675	3	whitepeople	8.63592371321061E+017	2017-05-14 02:44:12	 is trending....... I will use it as an excuse to post bikini pics üòò 			Katie_for_fun	1769
1826	0		8.63593361063768E+017	2017-05-14 03:14:36	Sre you going to denounce this overt racism in your name, @GOP, @RNC, &amp; @TNGOP? 		https://twitter.com/TEN_GOP/status/863570027819270145	Newsericks	1768
1357	0		8.63592962277745E+017	2017-05-14 03:13:01	Wait. Wait. Look over here. Trump put Russian dressing on his salad!!!  Let's get a special prosecutor because nothing else bad is happening 		https://twitter.com/i/web/status/863592962277744641	BBindib	1766
1659	9	whitepeople	8.63593210958013E+017	2017-05-14 00:10:26	White lives matter. 	White		drewwood30	1765
625	15	WhitePeople, America	8.63592322918998E+017	2017-05-04 14:39:53	'Cause  are the problem w  		https://twitter.com/kwilli1046/status/859941635236474880	JessePershall	1764
1374	105	WhitePeople, whitepeople	8.63592978643911E+017	2017-05-13 23:28:39	 freed my ancestors. Dont understand the hate. No quarrel from me here. Carry on  üòé 			hotvoltage	1761
175	31		8.63591945943228E+017	2017-05-14 02:55:02	Native Americans and gentrified communities may have a word about this... 		https://twitter.com/slfrexit/status/863535812725616640	missnvni	1759
1790	10	WhitePeople	8.63593327370936E+017	2017-05-14 02:42:50	Ok I have done my best to mock the   hashtag. Now it's time for this cracka to sleep ...			JadedByPolitics	1756
899	0	WhitePeople	8.63592573964665E+017	2017-05-14 03:11:29	"
Video: Was the Tower of Babel Real?
"	Tower of Babel Real	http://www.smithsonianchannel.com/videos/some-very-compelling-evidence-the-tower-of-babel-was-real/55877?an=featured	tonyr951	1755
1738	0	WhitePeople	8.6359328107001E+017	2017-05-14 03:14:17	 Can someone name the number of genocides committed by Blacks? We know for the Whites...Thanks in advance.			Kings_Secret	1741
2068	0	WhitePeople, lynching	8.63593566341354E+017	2017-05-14 03:15:25	No surprise that Tang is in office and   is trending. I am sure next week  will be on top	Tang		DaKcStork	1739
35	0		8.63591825843663E+017	2017-05-14 03:08:30	It's actually the hat that sells you as a white supremacist but keep trying, sweaty :))))) 		https://twitter.com/lxrdkayy/status/863582760182657025	vanetti	1738
359	0	WhitePeople	8.63592087660491E+017	2017-05-14 03:09:33	"""You don't understand our struggle! The Dow was down two points today!"" "	Dow		vanetti	1735
852	0		8.63592530679665E+017	2017-05-14 03:11:18	Your Tude is what more people have got to realize is the only way to combat this politically correct idea that there is eternal white guilt! 		https://twitter.com/i/web/status/863592530679664640	donald_aper	1732
27	24		8.63591819946467E+017	2017-05-14 00:34:25	I'm white &amp; I get it. It's bulllllshit 		https://twitter.com/DebunkRacistH8/status/863533662914129925	ojoan	1720
2	0	Eurovision, UFC211, Portugal, WhitePeople	8.63591699452371E+017	2017-05-14 03:08:00	George Soros Feels No Guilt In Helping The Nazis   i   	George Soros	http://www.youtube.com/watch?v=_HpR0Gcd1m8	TornadoRhoy	1715
13	0	WhitePeople	8.63591809892668E+017	2017-05-14 03:08:26	There sure are a lot of stupid  who voted for Cankles. 			LiberalsRpsyco	1711
100	175	WhitePeople	8.63591874107462E+017	2017-05-13 22:12:29	"You hate us because you ain't us.. 

Seriously, who's the most racist people on earth right now in 2017? 

üçìüç¶ 
"			ScienceGuy66	1710
750	69	WhitePeople	8.63592437637403E+017	2017-05-14 00:51:59	 our women are beautiful and strong. It's up to you to continue reproducing with your own in order to s‚Ä¶ 			livncuckooland	1709
409	203		8.63592129280561E+017	2017-05-14 01:04:23	"Dentist : ur teeth are so white 
Her : how white they are ?
Teeth: *colonize half the world* 
Dentist : pretty fuck‚Ä¶ "			DhatVulcha	1708
2096	1	BatShitCrazy	8.63593586608095E+017	2017-05-14 03:10:44	The Left is  @chuckschumer &amp; @nancypelosi should be committed or imprisoned They are intentionally try‚Ä¶ 			LisaTomaino	1704
891	0	whitepeople	8.63592564804522E+017	2017-05-14 03:11:26	 can y'all niggas become extinct already, damn... I know it don't take that damn long 			HeyImBaejuh	1702
165	724	WhitePeople	8.63591937940619E+017	2017-05-13 21:42:28	 shouldn't feel guilty about something we didn't do. You weren't a slave and I didn't own one. You get no reparations from me!!			k_jean57	1699
1157	0	WhitePeople	8.63592790818685E+017	2017-05-14 03:12:20	 shouldn't be a thing, ever. Just like how any race trending isn't and shouldn't be acceptable.			Gareth_Tarlo	1689
591	0		8.63592288743637E+017	2017-05-14 03:10:21	affirmative 		https://twitter.com/ProudWhite666/status/863575401850949638	RayycerX	1683
1319	5		8.63592932078694E+017	2017-05-14 02:17:37	All Dems know...Name calling, riots, looting, fake news against Trump, destroy America for vindictiveness rather th‚Ä¶ 	Trump,America		moreenie31	1676
4	0	Eurovision, UFC211, Portugal, WhitePeople	8.63591700836401E+017	2017-05-14 03:08:00	Hillary Clinton in 1975: Defends a Child Rapist   i   	Hillary Clinton	http://www.youtube.com/watch?v=gEJQf0DDZxc	VadKarina	1674
93	103		8.63591865827836E+017	2017-05-14 01:09:52	What in the hell does this have to do with white people? 		https://twitter.com/LittleMissFlint/status/863561800629047296	TheFactualGamer	1668
1075	0	WhitePeople	8.63592717397488E+017	2017-05-14 03:12:03	Choose your tradition  be your color and go back to tradition or join the Muslim tradition by force. This is your last freedom 		https://twitter.com/i/web/status/863592717397487616	ThirdReiched	1665
620	0		8.63592317243933E+017	2017-05-14 03:10:27	Shallow minded black people who are also liberals are taking the bait. 		https://twitter.com/_makada_/status/863566984390246400	MySoulPanteth	1659
1067	84	WhitePeople	8.6359270976385E+017	2017-05-14 00:25:10	"Without separating Americans by skin color, liberals would have no influence. 

Don't let them divide us. 
"			mikehicks415	1655
1483	0	whitepeople	8.63593076526383E+017	2017-05-14 03:13:28	 classic twitter	twitter		unsubmimique	1652
1629	1		8.63593188388483E+017	2017-05-14 03:12:24	I agree!I'm proud to be white too &amp; everyone should be proud of their race no matter what, it's just showing God gr‚Ä¶ 	God		lindathomas102	1641
1207	0		8.6359283082401E+017	2017-05-14 03:12:30	we love everyone with good will 		https://twitter.com/TEN_GOP/status/863575724262903808	TeaPartyStance	1639
26	7		8.63591724333118E+017	2017-05-14 01:10:39	"Dear Libs,
If you bring nothing but knives and drama to the table, don't be surprised when your guests get up and l‚Ä¶ "			kpalmer60	1634
2031	2	WhitePeople, YouNeedWhiteMenForThat	8.63593534783455E+017	2017-05-14 02:59:08	 Want space exploration?  		https://twitter.com/trump2016fan/status/863555381376765954	gunfightingmick	1633
1235	17	WhitePeople	8.63592852026262E+017	2017-05-14 02:40:46	You think a  hashtag is racist? üòÇüòÇüò≠üò≠ I'm dying, you don't know what racism is üíÄ 		https://twitter.com/emmyraes98/status/863570491050741760	not_korpo	1631
72	0	WhitePeople	8.63591852053848E+017	2017-05-14 03:08:36	 Are actually lizards because we turn green,red,purple,pink,yellow,and grey. Face it, we're fucking rainbows.			Roishock	1629
1462	0	WhitePeople	8.63593053491126E+017	2017-05-14 03:13:23	Some  enjoy reading the classics.... 			cobaltwest	1614
1419	7	WhitePeople	8.63593019844563E+017	2017-05-14 02:42:06	"
‚úîÔ∏èFreed the slaves
‚úîÔ∏èDefeated Hitler"			ElizabethVlaho1	1608
1581	0	whitepeople	8.63593150752928E+017	2017-05-14 03:13:46	 crack head threatened to shoot me tonight while i was on my porch and i live in a nice town. color has no bias stupid people			WiJohnson4Trump	1606
1932	53	WhitePeople	8.63593453887816E+017	2017-05-13 21:35:27	 are supposed to have white privilege but someone stole mine and made me work for every dime i got,i was robbed!			TheFunEndsNow	1604
2135	65		8.63593620431032E+017	2017-05-14 00:53:39	The word 'racism' is like ketsup. It can be put on practically and demanding evidence makes you 'racist.'~Sowell‚Ä¶ 			AtheistEnigma	1602
1639	0		8.63593193908163E+017	2017-05-14 03:13:56	@KodiGaddis This is the kind of tweet that liberals &amp; others are horrified by: 		https://twitter.com/zombie_american/status/863585368381153280	janersm	1597
496	0		8.63592211354534E+017	2017-05-14 03:10:02	Over 600k Rep died to stop it. We have nothing 2 do / it. Democrats have brainwashed people they think we're stupid. 		https://twitter.com/Stevenwhirsch99/status/863509774444482560	BESTHSA	1595
1332	0	WhitePeople	8.63592943617278E+017	2017-05-14 03:12:57	Why is this trending? We are all one. 			Robby_Farland	1582
771	0	whitepeople	8.6359245401199E+017	2017-05-14 03:11:00	We need to stop comparing people based on their race and start looking at each individuals character. 			blsasar	1581
23	401	whitepeople	8.63591722420498E+017	2017-05-13 23:17:19	POLL: How do you feel about the prospect of  becoming a minority in the US?			Imperfect10n	1580
572	71	WhitePeople	8.635922654109E+017	2017-05-13 23:35:33	The only example of institutional racism is race-based Affirmative Action. 			TradCon	1579
901	0	WhitePeople	8.63592575822942E+017	2017-05-14 03:11:29	"YOU WERE'NT KANGZ!

 on the other hand... "		https://twitter.com/VapingLitWolf/status/863587853095272452	JDVandersnoot	1577
1704	0	WhitePeople	8.63593247154852E+017	2017-05-14 03:14:09	"@emjayale Slavery was Muslim.
Still is.
DUH
 "			Walkingstickm2n	1576
123	0	TheFreshPrinceOfBelAir, WhitePeople, CarltonBanks	8.63591896463094E+017	2017-05-14 03:08:47	Thanks to  the stereotype that  can't DANCE didn't exist 4 me.  I ‚ù§ you &amp; it's not unusual üòâ 		https://twitter.com/i/web/status/863591896463093760	SummerRoseDream	1571
406	102	WhitePeople	8.63592128181678E+017	2017-05-13 23:32:31	Hate crimes against  are real despite all that your 'gender studies' professor taught you. 			cy_frost	1570
126	166		8.63591899608822E+017	2017-05-14 00:25:25	I've been given a privilege because of my skin. The right thing to do is to fight for other races to have what I have had. 			NickMadincea13	1557
342	32		8.63592068727308E+017	2017-05-13 23:22:13	Racism wouldn't exist if white peoplr didn't create the social construct of race. 		https://twitter.com/riyasharma266/status/863533609499582464	velvetskank	1556
1834	7	WhitePeople	8.63593370374951E+017	2017-05-14 02:12:25	Turkey and mayo sandwiches 	Turkey		aWllsJereym	1554
1544	0	whitepeople	8.63593125792686E+017	2017-05-14 03:13:40	United we stand, divided we fall. Are we not all of the human race?   it's not your fault			RealHappyshizno	1553
1015	0		8.63592671776051E+017	2017-05-14 03:11:52	They sure do thrive on it they don't care what is good for the country it's all about them 		https://twitter.com/realvinniejames/status/863525030449295360	jamesg2613	1547
931	115	whitepeople	8.63592602372903E+017	2017-05-14 01:28:02	.Science fiction? Or just a matter of time? If left up to @TheDemocrats it will be the end of ‚Ä¶ 			nathan521	1544
394	0	WhitePeople	8.63592124389962E+017	2017-05-14 03:09:41	I think the  hashtag is a Russian bot operation designed to cause discourse on all sides. It worked I see			theMattyKakes	1542
69	20	WhitePeople	8.63591849155592E+017	2017-05-14 02:37:32	Racist   are the problem and that's why the sane white people arent offended by this hashtag			Slade201192	1541
1397	4		8.63593005672018E+017	2017-05-14 00:34:42	Robbed &amp; killed other civilizations &amp; then took credit for their accomplishments* fixed it for you sis 			cclari_nb	1540
66	128	WhitePeople, Triggered	8.63591845690987E+017	2017-05-14 00:31:25	 is trending, so I'm just gonna leave this here...  			ArneAlvarado	1532
714	43		8.63592407639757E+017	2017-05-13 23:13:01	Grateful for white men who recognize their societal privilege, and use it to empower women &amp; people of color. Mad respect guys! 			cmbsweden	1524
906	0		8.63592579492958E+017	2017-05-14 03:11:30	You get none.  Your ancestors started this shit back in the mid 1400's. 		https://twitter.com/Stevenwhirsch99/status/863530686929670146	AetherOfLove	1519
988	2	WhitePeople	8.63592646513767E+017	2017-05-14 02:17:43	 are the only only racial group in this country who is accused of racism on a daily basis. When most of it today is against us!			violin002	1517
86	212		8.63591861683982E+017	2017-05-14 00:23:02	Didn't y'all kill him? 		https://twitter.com/mikandynothem/status/863536480215379968	BlackNerdJade	1515
602	0		8.63592298931769E+017	2017-05-14 03:10:23	"Created and built on the back of Black slaves you mean.

I fixed it for you. "	Black	https://twitter.com/disspat/status/863591064032092160	cmbsweden	1501
2053	4	WhitePeople	8.63593553083081E+017	2017-05-14 02:45:52	You'll miss us.  			CorintheansXIII	1499
40	123		8.63591832680378E+017	2017-05-14 00:20:29	"There's little more childish than a white person losing their shit because someone asks them to consider other experiences.

"			3illSweet	1498
390	1	WhitePeople	8.63592122750046E+017	2017-05-14 03:06:41	@Trend_Spitter Making fun of  is going out of style fast. Just a heads up.			OldSchoolfan12	1486
1577	1		8.63593146860614E+017	2017-05-14 00:08:41	Flip &amp; RT this poll... 		https://twitter.com/JonJ_L973/status/863517331733061633	9975Ts	1485
37	0	Eurovision, UFC211, Portugal, WhitePeople	8.63591826254553E+017	2017-05-14 03:08:30	George Soros thinks he's God   i   	George Soros,God	http://articles.latimes.com/2004/oct/04/opinion/oe-ehrenfeld4	TopzShriraj	1483
737	1	WhitePeople	8.63592427764011E+017	2017-05-14 02:32:40	"  There are two kinds of republicans; 

Billionaires and Suckers. 

Check your wallet to see which one you are."	Billionaires		jordantylandyln	1470
138	0		8.63591909377421E+017	2017-05-14 03:08:50	I actually say this and shout it out of windows while riding through The District. Gentrification is why Our girls are missing.. ..sooo... 	The District	https://twitter.com/i/web/status/863591909377421312	AetherOfLove	1469
316	447	WhitePeople	8.63592045751017E+017	2017-05-13 21:14:04	"This says it all!
 "			Isilchaser	1468
1517	45	WhitePeople	8.63593108369359E+017	2017-05-14 00:48:46	Liberals policies have enslaved minorities to the state.  			dianedavis8180	1467
41	0	WhitePeople	8.63591733875151E+017	2017-05-14 03:08:08	BAD ASS  			msm_polls	1466
2052	66	WhitePeople	8.6359355286918E+017	2017-05-13 21:47:39	Dear  			longgoneblond	1462
659	0	LOSERS	8.63592357865951E+017	2017-05-14 03:10:37	Actually, they are admitting that they're ! 		https://twitter.com/Pappiness/status/863553735615811585	Newsericks	1460
1665	233		8.63593214724514E+017	2017-05-14 00:10:25	Officer William Stacy caught this starving mother stealing eggs. What did he do? Delivered two truckloads of food t‚Ä¶ 	Officer William Stacy		SOldmixon	1458
1708	0	WhitePeople	8.63593248312377E+017	2017-05-14 03:14:09	"Nobody can pull the ""qualified"" excuse on me when we see a Congress full of only  who stink at their job. "	Congress	https://twitter.com/i/web/status/863593248312377344	ZakCMcGaugh	1456
665	0		8.63592363016565E+017	2017-05-14 03:10:38	Did some people really need to be told that? 		https://twitter.com/sahluwal/status/863591440403673089	Gary_Walker96	1449
172	0	WhitePeople	8.635919438126E+017	2017-05-14 03:08:58	Can someone please tell me something  can do without killing themselves that's not racist at this point?			silence_above	1442
1091	0		8.63592727790973E+017	2017-05-14 03:12:05	He so upset that white people getting call on their bs 		https://twitter.com/PrisonPlanet/status/863527400679800834	DavisKarrissa	1441
821	84	DAFF	8.63592495409713E+017	2017-05-13 20:55:18	"""We didn't talk about race because we didn't have to. It didn't affect us."" This is very common for non-POC. ‚Ä¶ "			cmbsweden	1438
1822	0		8.63593357708149E+017	2017-05-14 03:14:35	Or it could be the hat 		https://twitter.com/lxrdkayy/status/863582760182657025	whats_habenin	1425
695	0	whitepeople	8.63592392573714E+017	2017-05-14 03:10:45	@KeifyG I keep tellin people one of the worst things you can do in America is tell  the truth of their history here and across the globe	America	https://twitter.com/i/web/status/863592392573714432	miickeytankbank	1423
214	0		8.63591973537555E+017	2017-05-14 03:09:05	I may not like m o s l e m s, unlike you, you racist I don't wish them dead. Hypocrite Idiot 		https://twitter.com/ResistTrump7/status/863574174081572865	OZzSue1	1419
9	0	WhitePeople	8.63591805819826E+017	2017-05-14 03:08:25	When do you think  are going to remember that they forced their language on us ü§î 		https://twitter.com/zander9899/status/863581508438831104	mielhija	1417
1405	0		8.6359301431226E+017	2017-05-14 03:13:14	"Fourth Reich Is among us. First of all, you mocked us, insulted us, called us racist, we'll see who raises again soon. 

 "		https://twitter.com/i/web/status/863593014312259584	rut1ger	1416
190	601	WhitePeople	8.63591957267796E+017	2017-05-13 23:29:12	I was wondering why  was trending and I see it's a bunch of WHITE SUPREMACISTS trying to hide their racism behind all white ppl	WHITE SUPREMACISTS		cetsi97	1411
1000	0	WhitePeople	8.63592658098426E+017	2017-05-14 03:11:49	@BasedElizabeth You mean picture the world without numerous genocides, Holocaust, and Colonialism.  Looks good from this side. 			amaliik3	1405
37	0		8.63591733765878E+017	2017-05-14 03:08:08	Reality is that not all lives matter, this will be winner take all 		https://twitter.com/L14WS1/status/863588740677029888	altrite1	1404
1975	0		8.63593497991033E+017	2017-05-14 03:15:09	Homophobes? 		https://twitter.com/ethrealjk/status/863592251963752448	graywolf	1401
1029	0		8.63592677912261E+017	2017-05-14 03:11:53	I'M SO HERE FOR MUSLIM/ ISLAMIC PRIVILEGE!!! 		https://twitter.com/AmyMek/status/863529176367865856	AetherOfLove	1397
623	4		8.63592319936844E+017	2017-05-14 03:00:33	THIS x 1000000000 		https://twitter.com/derenicbyrd/status/863502630206623744	jaynya13	1396
1655	0	whitepeople, people	8.63593208143544E+017	2017-05-14 03:14:00	Im getting a little too political tonight, but at what point does the #  become . Fuck liberal/right wing. IM LOGICAL.			YammamotoOG	1394
1144	0	WhitePeople	8.63592774280466E+017	2017-05-14 03:12:16	 Last I checked the highest income earners on average in North America are Asian so what White privalge are you talking about?	North America,White		GSaint318	1393
810	11	WhitePeople	8.63592485465072E+017	2017-05-13 21:49:38	 Something to consider before calling all white people racist. This hatred must stop somewhere. Everyon‚Ä¶ 			LoveOurPeoples	1391
1158	7	WhitePeople	8.63592791233839E+017	2017-05-13 22:10:32	More hot  from Russia--why? Because I goddamn hate the progressive witch hunt. Eat shit, progs. 	Russia		readwipedandble	1386
392	0		8.63592123127542E+017	2017-05-14 03:09:41	This one is a gem of her race 		https://twitter.com/kaitlinwashere7/status/863591622977748992	V01Vod	1382
585	445	WhitePeople	8.63592283551273E+017	2017-05-13 23:18:54	In case you still think it was wrong of Hillary to call Trump supporters deplorables...click through the  hashtag	Hillary,Trump		harbend	1378
18	2754	WhitePeople	8.63591715982238E+017	2017-05-13 22:43:05	Democrats used to demonize blacks. Then, Native Americans. Now it's . Dems thrive on social hatred. They manufacture it. -VJ	Native Americans,Dems		winegirl73	1375
1702	0	whitepeople	8.63593246244602E+017	2017-05-14 03:14:09	@DebunkRacistH8 IT IS offensive to  though. Stand a viable candidate next time!			murph125	1374
1903	0		8.63593429883916E+017	2017-05-14 03:14:53	must be nice to know exactly where you came from, because most african americans don't have that privilege 		https://twitter.com/irmahinojosa_/status/863584204285661184	_moneymoee	1370
21	26	WhitePeople, WhitePeople	8.6359172026044E+017	2017-05-14 02:22:20	The first race to make a law against slavery was  and they were so committed to it over 360,000  died to enforce it.			VILLA504BEEZY	1368
44	72	WhitePeople	8.63591739252257E+017	2017-05-14 02:32:29	"Oh no!!! I'm doing the OK symbol and I'm white üëåüèº I must be a white supremacist in liberals eyes üòÇüòÇüòÇ
 "			shooberto	1365
111	60		8.63591885121761E+017	2017-05-14 00:26:00	this tweet smells like boiled hotdogs and American cheese. 		https://twitter.com/GrantJKidney/status/863536993791348736	_cuntastic	1362
2001	0		8.63593514407428E+017	2017-05-14 03:15:13	I'm German &amp; English.. and a a global minority.. never will I not be proud of my heritage or be ashamed of being white.. 	German &amp; English	https://twitter.com/i/web/status/863593514407428096	American2r26	1358
17	0	WhitePeople	8.63591814422557E+017	2017-05-14 03:08:27	Have y'all read the  hashtag. LMFAO. Acting like their is racism against whites. Bye.			torisparksxo	1357
2075	1	Racism	8.63593570472649E+017	2017-05-14 03:06:40	There is far more  from the Left than the right. 		https://twitter.com/PrisonPlanet/status/863537657363738624	AZInformer	1354
1273	71	WhitePeople	8.63592894384361E+017	2017-05-14 00:22:37	 who don't like hashtags about white people are the snowflake white people who need to actually learn about white people.			annaboo7998	1344
836	0	Resistance, Liberals	8.63592511083827E+017	2017-05-14 03:11:14	"THAT'S THE HASHTAG THEY ARE USING‚ÄºÔ∏è‚ÄºÔ∏è
MINDS OF A CULT‚ÄºÔ∏è‚ÄºÔ∏è   ‚ùÑÔ∏è "		https://twitter.com/TheMarkRomano/status/863531363122769924	GloriaBudde	1342
1365	0	WhitePeople	8.63592970410447E+017	2017-05-14 03:13:03	"McDonalds gives out 'Free coffee w/ a whitey' discount cards if anyone needs a pick-me-up

This tweet brought to you by the  tag"	McDonalds		HoorayBacon	1341
1011	0		8.63592664842809E+017	2017-05-14 03:11:50	An exact visual as to why Trump won. Thanks for securing 2020 for him. 	Trump	https://twitter.com/PrisonPlanet/status/863537657363738624	FuckenCannarsa	1332
449	202	whitepeople	8.63592170170839E+017	2017-05-13 23:50:16	Blaming  who are alive today for slavery is like blaming your great great grandparents who you never met for your own stupidity			FUNKYFreshWS6	1331
246	0	WhitePeople	8.63592004147708E+017	2017-05-14 03:09:13	"I'm a proud Christian white man, married to a woman of Mexican descent. 

"	Mexican		JackCarsrudJr	1328
2035	0	WhitePeople	8.63593537329353E+017	2017-05-14 03:15:18	Glad somebody finally created a  on Twitter, because that's a completely uncontroversial topic.	Twitter		OldSchoolfan12	1324
1002	0	WhitePeople	8.63592658945667E+017	2017-05-14 03:11:49	 go to bed 			PencesGreyHair	1319
305	5	WhitePeople	8.63592040269009E+017	2017-05-14 02:53:09	Yeah, actually we can.   freed the slaves and crushed Hitler. 	Hitler	https://twitter.com/heidilovesdave/status/863587476195102720	RPZak0	1317
1761	0		8.63593298585424E+017	2017-05-14 03:14:21	WHAT IN THE TRUMP TRASH .... 		https://twitter.com/irmahinojosa_/status/863584204285661184	devonlevesque_	1313
994	0	whitepeople	8.63592651748147E+017	2017-05-14 03:11:47	So... , here's an idea: how about we stop defending for a sec, &amp; pay attention. Just listen &amp; learn? üëáüèº 		https://twitter.com/reignofapril/status/863580143360647168	rachel_j_clift	1312
51	73	WhitePeople	8.63591745640165E+017	2017-05-13 21:12:51	Planned Parenthood continues to kill FAR more people of color than they do  			GingerMarple	1305
1468	0		8.63593063087829E+017	2017-05-14 03:13:25	Bless! üò´‚úä 		https://twitter.com/RealVinnieJames/status/863525030449295360	AetherOfLove	1302
383	0	WhitePeople	8.63592115288383E+017	2017-05-14 03:09:39	Annnd today we further divide the races. 			Jeff_Mansen	1300
1683	0	WhitePeople	8.6359323398452E+017	2017-05-14 03:14:06	I hate all of you  			gooberfat	1292
1938	0		8.63593465061548E+017	2017-05-14 03:15:01	We gonna act like the baby ain't about to drink bleach? 		https://twitter.com/ian_mckelvey/status/863547009520750592	Wonder_Kid4	1286
51	34	WhitePeople	8.63591839714226E+017	2017-05-14 00:13:38	Most  aren't all that privileged. Everyone has their advantages and disadvantages and it has nothing to do with race.			nicc44	1284
937	0	WhitePeople	8.63592602653819E+017	2017-05-14 03:11:35	Without  Our Country Will Become A Third World Country. 			GenaroPerez	1283
1756	96	WhitePeople	8.6359329285582E+017	2017-05-14 00:03:18	  How White People live in South Africa so they don't get murdered while in their own homes. 	South Africa		RedPilled88	1275
2024	0		8.63593528785613E+017	2017-05-14 03:15:16	Also why he use Wikipedia that website not even school approval anymore and that's really saying something cuz the school system is trash 	Wikipedia	https://twitter.com/i/web/status/863593528785612800	DavisKarrissa	1273
1633	1	beproudofwhoyouare	8.63593189978059E+017	2017-05-14 03:07:43	Are awesome üëè get to know them. Proud to be one and of Irish üçÄ and Scottish descent. üôèüá∫üá∏üòâüëçüòòüòçüíÉüåπüëå 	Scottish		EnvyMeGreatly	1271
1882	1	whitepeople	8.63593414478238E+017	2017-05-14 02:35:00	 best people			DaimonLord	1268
647	376	WhitePeople	8.63592349603156E+017	2017-05-13 21:15:58	The most truth I've ever heard from a white man.  			RamelSeven	1258
56	25	WhitePeople	8.63591747414352E+017	2017-05-14 01:59:03	When  claim they're ancestors freed slaves but conveniently forget over 50,000 BM died in the Civil War‚Ä¶ 			jansco3283	1250
1344	0		8.63592953381622E+017	2017-05-14 03:12:59	Fact that ur white, wearing a MAGAt hat, and u know that's a white supremacist gang sign seems to say it all!   		https://twitter.com/i/web/status/863592953381621761	PPapaPolitics	1245
2067	50	Whitepeople	8.63593566366425E+017	2017-05-14 01:05:03	 is trending. Somewhere a SJW is making the case that ALL whites are bad... while telling them not to generalize other races ;)			ddrm2017	1243
2013	0		8.63593519709131E+017	2017-05-14 03:15:14	Oops.. it was also altered by white people. Thanks for playing 		https://twitter.com/hoefunk/status/863592799534448640	Imperfect10n	1237
8	341	WhitePeople	8.63591703424496E+017	2017-05-14 02:08:39	"I am proud to be a white Christian male. 

"			larrydb86	1236
119	162	WhitePeople	8.6359188877074E+017	2017-05-13 23:25:55	"Picture a world without any . 

No, literally picture it... "			LoveOurPeoples	1235
307	68	WhitePeople	8.63592042060018E+017	2017-05-14 01:13:14	 don't riot in the streets when a cop shoots a white person.			Mindy4110	1221
7	0	Eurovision, UFC211, Portugal, WhitePeople	8.63591702577136E+017	2017-05-14 03:08:01	"Obama: ""We're Training ISIL""   i   "		http://www.youtube.com/watch?v=p2NkjNvwuaU	TrishaSuprabhat	1220
43	0	Eurovision, UFC211, Portugal, WhitePeople	8.63591738778059E+017	2017-05-14 03:08:09	George Soros wants to bring down Europe√¢‚Ç¨‚Ñ¢s borders   i   	George Soros,Europe	http://hwww.youtube.com/watch?v=FGi_e3RDbeQ	TopzShriraj	1216
