ID	#ofRTs	HashTags	Date	TweetText		Url	User	Randomize
13	47	BadThings, WangoTango	2017-05-14 03:42:26	.@Camila_Cabello &amp; @machinegunkelly's song  is the JAM!   üé∂		http://bit.ly/2qERaO6	Gracyela25	5402
5236	0		2017-05-14 04:06:13	This is terrifying 		https://twitter.com/emojimovie/status/863562740807344128	lucindangarcia	5401
1167	37	WangoTango, Camilizers, CamilaIsComing	2017-05-13 11:47:14	I'm so excited and I can't wait to see @Camila_Cabello later in  üòäüíò  ‚Ä¶ 			jhceline_7	5398
1590	2	WangoTango	2017-05-14 03:46:56	.@NiallOfficial @LiamPayne Liam e Niall no backstage do , em San Diego. (13/05) üòç 	Liam,San Diego		pandicorn_oned	5390
386	512	WangoTango	2017-05-14 01:53:54	Mic Check 1, 2!! We can't wait for @Camila_Cabello to hit the stage with @machinegunkelly!  			JhorellyM	5387
303	0	WangoTango, TheVoice, mileycyrus, mileyraycyrus, mileycyrus	2017-05-14 03:48:42	"Miley backstage  
.
.
.
   ‚Ä¶ "	Miley backstage‚Ä¶	https://www.instagram.com/p/BUDujegjN9V/	MileyWorld4Eva	5384
496	0		2017-05-14 03:49:32	Friendship goals 		https://twitter.com/OfficialWith1D/status/863582144773451776	louisroqueiro	5383
640	36	WangoTango, PREMIOSMTVMIAW, MTVINSTAGLCABELLO	2017-05-14 02:29:17	"Camila with @JoJoWright (via jojowright on Instagram)   
 "	Camila		garciacabello2	5379
615	0		2017-05-14 03:49:53	Votem no Niall, sweets! /yasmin 		https://twitter.com/PopPoIls/status/863599037387333633	portallouisbr	5377
5258	0	wangotango	2017-05-14 04:06:19	Enjoyed the live stream of @maroon5 at  tonight !! üòçüíúüòéüé∂ ‚ù§üé§üé∏ 		https://www.instagram.com/p/BUDwf1Fg8OXvdFn-_mG0bpy6LDDyLmLV9o3xlo0/	tracy1535	5350
5401	0	WangoTango	2017-05-14 04:06:46	Payno &amp; Nialler met @  üò≠			curlybrad29	5338
1306	61	WangoTango, PREMIOSMTVMIAW, MTVINSTAGLCABELLO	2017-05-14 00:29:35	"Camila on @1027KIISFM's snapchat.

   "	Camila		garciacabello2	5329
1847	0	M5OnWangoTango, WangoTango	2017-05-14 03:54:14	I love it when he closes his eyes to sing üòç @maroon5   			katyloveM5	5295
157	183	WangoTango	2017-05-14 01:19:41	.@NiallOfficial fans! Tune in to our Snapchat / Instagram for some  fun! 			OnMyMindNjh	5292
404	361	WangoTango	2017-05-14 02:07:36	Camila and @machinegunkelly performing Bad Things on @ashlee_juno's Instagram story  			LalYazareth	5290
5248	0	WangoTango	2017-05-14 04:06:17	@Zedd ARE YOU PERFORMING THE SONG WITH LIAM TONIGHT 	LIAM		thekingdomroses	5286
30	92	WangoTango	2017-05-14 03:29:45	"Niall cantando ""On The Loose"" esta tarden en el ! "	On The Loose		America2372010	5284
4132	1	WangoTango	2017-05-14 01:37:51	Miley backstage at . 			chem_is_TRY__	5278
2873	8		2017-05-13 23:47:35	PROJECT WITNESS???)/‚Ç¨kdkdkdkd' BITCH WBZG THENESJDJDNX 		https://twitter.com/katyperrylately/status/863540569095774208	FreddyRMarte	5276
5210	0	WangoTango	2017-05-14 04:06:08	@NiallOfficial u rocked it 			Ashu_1DZ	5259
2466	0	funny, funnyvideo, WangoTango, UFC211	2017-05-14 03:56:27	Japanese High School Baseball Player's Amazing Plate Routine ,,, 	Japanese High School Baseball Player 's Amazing Plate Routine	http://goo.gl/5mgRJC	rachelalsop689	5258
2249	0	Funny, chipmunk, WangoTango, UFC211	2017-05-14 03:55:52	Chipmunk Stretches in the Morning ,,, 		http://goo.gl/rMIu2S	wandawright5101	5248
179	204	WANGOTANGO	2017-05-14 02:30:09	NIALL CANTANDO SLOW HANDS   			alohdo	5246
5149	0	WangoTango	2017-05-14 04:05:52	"@Camila_Cabello on the  yellow carpet |
@CCabelloNews "			CamilaDailyMX	5242
3053	0	WangoTango	2017-05-14 03:58:51	@LiamPayne tonight at ! (Via @wydnialll) -P 			bigpaynoUA	5236
4815	0	WangoTango	2017-05-14 04:04:43	So fucking PROUD of this amazing women!! You killed tonight at  			lovingestrabao	5234
331	10	WangoTango, EmojiMovie	2017-05-14 01:12:56	üëã ! Discover the üåé inside your üì± July 28!  			BurgerPack	5229
706	0	WangoTango	2017-05-14 03:50:10	Niall at  			NarrySource	5220
315	2	WangoTango	2017-05-14 02:54:25	Halsey arriving at  			Mastermind_Kris	5210
46	5	WangoTango	2017-05-14 03:42:15	Niall en el backstage del  			nazadict	5205
2018	0		2017-05-14 03:54:57	she might be a lil crazy but damn she talented 		https://twitter.com/iheartradio/status/863584972455555073	_morgiiie	5202
447	17	WangoTango	2017-05-14 03:31:03	Niall backstage at  			nherdnigel	5196
140	72	WangoTango	2017-05-13 21:13:19	TWEET IT. TREND IT ‚¨áÔ∏è  			NJHLove93	5194
2942	0	Niam, wangotango	2017-05-14 03:58:29	"@NiallOfficial  Together
Niall Horan and Liam Payne üòç
Horan and Payno üòç
Nialler and Payne chain üòÇüòç

"	TogetherNiall Horan,Liam Payne,Payne		musicsoul_1	5190
2282	0	lion, babylion, WangoTango, UFC211	2017-05-14 03:55:57	These Sleepy Lion Cubs are Cuter than Kittens ,,, 	Lion Cubs	http://goo.gl/VG8WNc	joeclarkson5731	5189
243	15	WangoTango	2017-05-14 03:27:22	4 years ago Avril Lavigne was performing at  2013. Time really flies... Can't wait to see Avril rocking‚Ä¶ 	Avril Lavigne,Avril rocking‚Ä¶		avrilsboyfriend	5182
2471	97	WangoTango, Despacito	2017-05-13 19:27:07	Soundcheckin' for tonight's  @1027kiisfm  @ Stubhub Center 	Stubhub Center	https://www.instagram.com/p/BUC1J7HhvdM/	Rodriguezjovi	5152
465	1	WangoTango	2017-05-14 03:35:02	CUTIE AT  			shitissheeran	5149
62	1	WangoTango	2017-05-13 19:04:38	Hey Violet performant Guys My Age au , Carson (13/05) | realpatrickjones 	Violet,Carson		dodo199137	5114
2463	9	VIDEO, WangoTango	2017-05-13 22:48:41	 üé• Niall at the 102.7 KIIS FM  in Carson, CA today!  (May 13) 	KIIS FM,Carson		T_Horan13	5107
2872	2	WangoTango	2017-05-14 03:39:10	.@NiallOfficial and @LiamPayne reunite at ! 		http://www.beautifulballad.org/2017/05/13/liam-payne-sofia-carson-and-jordan-fisher-attend-wango-tango/	srfHOPE2413	5101
142	55	WangoTango	2017-05-14 03:30:57	May 13th: Niall being interviewed backstage at  			sandravasquez02	5096
582	138	WangoTango	2017-05-14 02:47:35	We're SO HAPPY that @NiallOfficial is in THIS TOWN üòçüòçüòç   		http://KIISFM.com/wangotango	Pill0wTalkx	5090
4097	0	WangoTango, CamilaWangoTango	2017-05-14 04:02:02	Camila performing onstage at 102.7 KIIS FM'S Wango Tango.   	KIIS FM'S Wango Tango		CCabelloMedia	5082
3358	9	WANGOTANGO	2017-05-13 21:43:11	.@olivia_holt is READY to hit the  Village! üî•üî•üî•  	Village	http://KIISFM.com/wangotango	captain_smores	5080
1515	0	WangoTango, SlowHands	2017-05-14 03:52:51	@NiallOfficial This is amazing ! glad for ya  			phoemdirection	5072
2792	0	WangoTango	2017-05-14 03:57:53	ZEDD IS NEXT ... WHAT IF LIAM SURPRISES US WITH A COLLAB 	LIAM		LarryBuzzinHome	5067
750	52	WangoTango, PREMIOSMTVMIAW, MTVINSTAGLCABELLO	2017-05-14 02:12:29	"Camila with @machinegunkelly (via jimmynickles on Instagram)  

   "	Camila		garciacabello2	5050
407	48	WangoTango	2017-05-14 00:44:19	Roar!  			ElizeuGomez9	5013
803	9		2017-05-14 01:03:53	she probably thought it was Miley 		https://twitter.com/onairwithryan/status/863557949473435648	danaxxxxxxxxxx	5002
926	1026	WangoTango	2017-05-13 11:34:26	Hello. @Camila_Cabello is playing  this evening. We'll be posting via Instagram Story (@901Music) all ni‚Ä¶ 			FifthArianacabe	5000
1932	66	WangoTango	2017-05-14 01:58:36	Liam is at ! 	Liam		xElaPayneX	4975
2437	0	babyowl, littleowl, WangoTango, UFC211	2017-05-14 03:56:23	"""Oakley"" &amp; The Oaklettes Learn to Move with the Groove! ,,, "	Oakley	http://goo.gl/aHz4Vi	jakeanderson551	4932
360	0	WangoTango	2017-05-14 03:48:56	Check this out! With just $10, you can help keep girls like Asha in school-  Portugal 	Asha	https://youtu.be/pVH7TcDn1wY	RCNCFundraise	4910
255	0	WangoTango	2017-05-14 03:48:29	Another 1 for the Books, shout to Amanda she makes our Team Pop!  	Amanda	https://www.instagram.com/p/BUDuiG2hXFr/	BIGCHUNK	4909
5080	75	WangoTango	2017-05-13 22:34:54	About to kick off the @noahcyrus meet &amp; greet! Ahhhh! üòç   		http://KIISFM.com/wangotango	Cyren7u7	4893
4034	14	WangoTango	2017-05-14 00:01:16	Reunited with @sofiacarson at @1027KIISFM  üëØ 			gabbybi11r2d	4846
47	2419	wangotango	2017-05-13 20:33:56	So proud of you @noahcyrus !!!! So stoked to share this night with you!  @1027KIISFM 			jaureadicction	4838
1324	0		2017-05-14 03:52:09	"@NiallOfficial @1027KIISFM @iHeartRadio Niall when can I preorder the album.?? üòç and book tix for tour.? üòç
I need them so bad üòçüòç 
   "		https://twitter.com/i/web/status/863602810918588416	musicsoul_1	4824
419	0		2017-05-14 03:49:11	good ass üòÇ 		https://twitter.com/MafiaCamilaRS/status/863571240988160000	ourslalita	4818
1266	4	WangoTango	2017-05-14 03:36:12	Liam watching Niall perform at  tonight 13/5/17 	Liam		horanosaur	4815
3095	0	WangoTango	2017-05-14 03:58:58	"It's about time we get to see Alessia and Zedd performing ""STAY"" at  tonight! "	Alessia		AlessiaCWorld	4809
125	354	wangotango, dead	2017-05-14 02:20:21	I'm watching @niallhorran play at  and @Liampayne is standing directly next to me. 			fckme_t0mmo	4802
810	10	WangoTango	2017-05-14 03:43:03	Alessia at  carpet today! 	Alessia		ackingdxm	4795
3910	8	WangoTango	2017-05-14 02:43:04	Miley singing 'Jolene' on stage tonight at !   	Jolene		chem_is_TRY__	4785
316	8	WangoTango	2017-05-14 03:40:03	Miley performing 'We Can't Stop'  			Oshes	4779
3679	0	a1array, EverythingEverything	2017-05-14 04:00:36	Our backstage social stop was so much fun! Thanks to our friends  and . Hi @Jiffpom!!  		https://twitter.com/i/web/status/863604935841140736	1027KIISFM	4769
79	1	WangoTango	2017-05-13 19:03:28	Hey Violet performant Brand New Moves au , Carson (13/05) | realpatrickjones 	Violet,Brand New Moves au,Carson		dodo199137	4766
2383	0	wangotango	2017-05-14 03:56:13	@NiallOfficial Performing at  today Really proud Niall 			YusriyaSabani	4719
5114	0		2017-05-14 04:05:44	"next to you
malibuuuu "		https://twitter.com/1027KIISFM/status/863592991079911425	radiateorange	4705
149	72	WangoTango	2017-05-14 02:07:09	Niall tonight at  			OnMyMindNjh	4703
2501	0	WangoTango	2017-05-14 03:56:34	@1027KIISFM  is so awesome and so many talented people at there ‚ô•			onedire79089870	4694
1525	0	WangoTango	2017-05-14 03:52:53	Yaaaay Maroon 5 with the Prince cover!!!!  üò≠üò≠	Yaaaay Maroon,Prince		TakeGarr	4687
1318	90	WangoTango	2017-05-14 01:46:46	.@NiallOfficial hits ! üòçüòç 			unicorniohorang	4669
2876	0	WangoTango, WangoTango2017	2017-05-14 03:58:12	Holy fucking SHIT üî•üî•  			NickysAngelBaby	4667
296	81	WangoTango	2017-05-14 01:07:28	‚ù§Ô∏è‚ù§Ô∏èloved seeing you guys  		https://twitter.com/extratv/status/863550887708446720	gocoo_59	4666
3786	3	WangoTango	2017-05-14 03:35:09	Miley threw flowers in the crowdüíê  	Miley		StuckInBookland	4639
1092	0		2017-05-14 03:51:28	What a single. So so proud of our Sunshine! 		https://twitter.com/1dfamlly/status/863579397814714368	25andmadabout1D	4621
1859	4	WangoTango	2017-05-14 02:05:25	Liam at  today! -P 	Liam		xElaPayneX	4610
167	388	WangoTango	2017-05-14 02:32:27	Camila on @ashlee_juno's Instagram story  	Camila		LalYazareth	4601
646	6	WangoTango	2017-05-14 03:11:14	"Hailee Steinfeld cantando ""Love Myself"" no  - 13 de maio. "	Hailee Steinfeld		perriexplicts	4593
879	0		2017-05-14 03:50:47	MY POOR NIAM HEART OMG 		https://twitter.com/OfficialWith1D/status/863582144773451776	colismariah	4592
4260	10	WangoTango	2017-05-13 23:42:12	Our fave @aaroncarter just taught @CassieDiLaura how to Tango at @1027KIISFM ! 	Tango		gabbybi11r2d	4580
1396	0	WangoTango	2017-05-14 03:52:25	Finishing up with Prince tribute @maroon5 at 	Prince		Tony14M5fan	4578
26	0		2017-05-14 03:47:35	@NiallHFrance Best performance? 		https://twitter.com/poppoils/status/863599037387333633	PopPoIls	4571
3867	144	WangoTango	2017-05-14 00:26:38	Camila today at   			veyvix	4561
4123	19	WangoTango, BackstreetBoys	2017-05-14 02:57:13	Up close and personal with the @backstreetboys @1027KIISFM @extratv  ‚Ä¶ 			sapnasajnani	4557
3135	0	WangoTango	2017-05-14 03:59:03	"Don't forget to Buy ""Malibu"" by @MileyCyrus which was performed tonight at  

Buy:   üåä "	Malibu	https://twitter.com/i/web/status/863604545716457473	acousticmiley	4544
1271	0	WangoTango	2017-05-14 03:51:59	ADAM LEVINE/MAROON 5 IS SINGING LET'S GO CRAZY BY PRINCE üíú 	ADAM,PRINCE		LarryBuzzinHome	4540
1498	131	WangoTango	2017-05-14 02:02:31	NIAM AT THE  			niallxcontrol	4480
83	24	WangoTango	2017-05-14 02:52:51	Live on the Yellow Carpet at  with @alexonthemic and the @backstreetboys  	the Yellow Carpet	https://www.pscp.tv/w/a-ZpojEzOTEwNTN8MW1ueGVFd3d6bVl4WEdGrIxRpD05Z3VRCt6ul-Ky1kwSMz98CtRDVDEUsKrO	AngieGodoyBSB	4471
2493	239	WangoTango	2017-05-14 00:25:24	Camila no Instagram story da @Chelsea_Briggs  			screammila	4452
3738	0	WangoTango	2017-05-14 04:00:48	Give us @brian_littrell with a kid any day!  			WHOTheBckstreet	4444
3662	0	StripBackDown, WangoTango	2017-05-14 04:00:31	Liam just jumped on stage to talk about his new single ! Out next Friday! | @iHeartRadio  	Liam		901Music	4441
939	2		2017-05-13 22:04:26	@camila_cabello @1027KIISFM  Could you sort this post for us camilizer?please say yes! I really wanted to win.‚Ä¶ 			MicaJaraCS	4433
2350	0	twins, twinbrother, WangoTango, UFC211	2017-05-14 03:56:07	What this toddler did to save his trapped twin brother will shock you! ,,, 		https://goo.gl/3hFxNk	robertparr1682	4418
705	26	wangotango	2017-05-14 03:04:46	 fam photo 			gocoo_59	4417
4809	0	WangoTango	2017-05-14 04:04:42	Check out all of the @backstreetboys Meet and Greet photos from  here:  Numbers 116-131		http://kiisfm.iheart.com/features/wango-tango-2017-2021/photos/5/main/wango-tango-2017-meet-greet-photos-477788/#/116/26776933	WHOTheBckstreet	4412
3794	0	WangoTango	2017-05-14 04:01:02	Goodness knows what a relationship must be. 			IckeBot3000	4346
973	149	WangoTango	2017-05-14 02:13:26	"Niall cantando This Town en el !! 
 "			Cardozo_Yanel	4342
654	152	OneDirection, WangoTango	2017-05-14 02:02:40	.@LiamPayne from  at @1027KIISFM   		https://fyu.se/v/xx11vei9jn	Lhiminated	4336
1222	0		2017-05-14 03:51:47	@HaileeSteinfeld I love you, you are the most beautiful woman in the world.üíìüíóüòçüòç 		https://twitter.com/HaileeSteinfeld/status/863600873787674624	Angelvilches4	4332
999	603	WangoTango, wangotango2017	2017-05-13 16:50:20	"Who are you most excited to see perform today at ? 

(1 day poll, vote and retweet.)

"			camilacc1BR	4323
2914	1	WangoTango	2017-05-11 08:26:18	@WK_Stylez @aaroncarter The tweet is gone. üôÑ I just told my friend that Aaron is gonna be at  &amp; I'd tell‚Ä¶ 	Aaron		ThaRealJakeD	4319
912	35	WangoTango, PREMIOSMTVMIAW, MTVINSTAGLCABELLO	2017-05-14 01:53:30	"Camila on backstage of  

  "	Camila		garciacabello2	4293
3316	0	WangoTango	2017-05-14 03:59:30	More pics of Miley backstage  	Miley backstage		MySmilerSide	4271
64	154	WangoTango	2017-05-14 03:15:20	"Otro video de Niall cantando ""Slow Hands"" üòçüòç  (via @chxudry)  "			candu2019	4261
180	0	Malibu, WangoTango	2017-05-14 03:48:09	.@MileyCyrus performing   			FabiolaRomn5	4260
158	9	WangoTango	2017-05-13 21:11:02	"AHHH @aaroncarter sang a ""I Want Candy"" remix at the  Village!  üç¨ üç¨ üç¨"	the Village	http://bit.ly/2qe3X9b	NJHLove93	4251
3266	0	WangoTango	2017-05-14 03:59:20	Kick A$$ performance ladies @HaileeSteinfeld @jamiehauptmann  			SummerBowden4	4249
288	356	CamilaCabello, KatyPerry, WangoTango	2017-05-14 01:49:33	üì∏  and  at  			camEElaFoca	4247
743	56	WangoTango	2017-05-14 02:13:40	So much talent in one photo üëçüèºüòÅ @alessiacara @Zedd üôåüèº   		http://KIISFM.com/wangotango	onedire79089870	4235
3689	10	WangoTango	2017-05-14 02:52:37	Miley performing Malibu for the first time ever at  ! 	Miley performing Malibu		khelms1998	4217
522	0	WangoTango, M5OnWangoTango	2017-05-14 03:49:37	SUGAR YES PLEASE  			MariSpagiari97	4206
24	14	WANGOTANGO	2017-05-14 03:28:07	"LIAM VIENDO A NIALL EN  . -CT‚ô°

"	LIAM		sehunsunhe	4201
2690	0	WangoTango	2017-05-14 03:57:23	"""You know I had to come bearing gifts!""- Miley so cute!   üíêüòòüå∑üå∏ "			MySmilerSide	4200
3257	0		2017-05-14 03:59:20	A PERFORMER!! 		https://twitter.com/ccabellonews/status/863604528834166784	camilareecy	4193
325	157	WangoTango	2017-05-14 02:06:30	Niall en el !! üòçüòçüòç 			sweetcreatommo	4191
35	198	WangoTango	2017-05-14 03:16:03	UPDATE || Liam backstage at  			cacaehs	4190
4107	1	WangoTango	2017-05-14 01:45:10	Miley with her friends &amp; crew backstage at . 	Miley		chem_is_TRY__	4188
1274	36	WangoTango, PREMIOSMTVMIAW, MTVINSTAGLCABELLO	2017-05-14 00:30:36	Camila on @901Music's Instagram story     	Camila		garciacabello2	4150
2804	6	WangoTango	2017-05-14 00:53:33	Bon App√©tit at  was everything, I'm in love üòç 			MyperfKaty	4148
1294	0		2017-05-14 03:52:04	BUT ADAMS HAIR THO üòç 		https://twitter.com/1027kiisfm/status/863598826787033088	awkwardninyyy	4132
69	11	WangoTango	2017-05-14 03:44:38	We can't get over @adamlevine's voice!!!! @maroon5 is rocking the  stage!!!  		http://bit.ly/2pwi3Ul	nathalia9901	4128
2067	0	WangoTango	2017-05-14 03:55:07	Beautiful Prince tribute by üòçüò≤üò≠ @maroon5 	Beautiful Prince		bertha_la	4125
87	31	SlowHands, WangoTango	2017-05-14 03:26:08	onairwithryan: just over here trying to keep our  to ourselves during niallhoran at  üò¨üòç 			sandravasquez02	4123
1140	30	WangoTango, PREMIOSMTVMIAW, MTVINSTAGLCABELLO	2017-05-14 00:41:38	Camila with @CassieDiLaura  (via @sweetyhigh)    	Camila		garciacabello2	4121
4412	0	WangoTango	2017-05-14 04:03:11	"
My Niam heart üòç‚ù§‚ù§
That friendship goals ! "			1d__universe	4107
362	99	WangoTango	2017-05-14 02:34:02	Liam watching Niall's performance at   	Liam,Niall		Nialler_auan	4099
3218	19	WangoTango	2017-05-14 01:30:37	Noticing some missing band members at tonight's performance.... @katyperry WHERE ARE JOSH AND ADAM!?!? üò©	JOSH,ADAM		gabrielmvalois	4097
773	0	WangoTango	2017-05-14 03:50:25	On The Loose Love It 			margarita_haban	4096
3365	0	WangoTango	2017-05-14 03:59:38	LIAM PAYNE!!!! 	LIAM PAYNE		simplizziety	4087
655	0	WangoTango	2017-05-14 03:50:00	i would love to go a @maroon5 concert!! 			slorena415	4083
1573	0	WangoTango	2017-05-14 03:53:04	Where you at @harrystyles @Louis_Tomlinson?  		https://twitter.com/niallofficial/status/863595440758968320	901Music	4056
2333	0	babystingray, funnyanimal, WangoTango, UFC211	2017-05-14 03:56:04	Adorable Baby Stingrays Dancing with Smiley Face ,,, 	Baby Stingrays,Smiley Face	http://goo.gl/enrCi7	hannahparsons93	4052
61	361	WangoTango	2017-05-14 02:48:45	Camila and @machinegunkelly on stage at .  			Fefe1H	4041
12	363	WangoTango	2017-05-14 00:31:44	Camila with @TanyaRad on @1027KIISFM's Snapchat story   	Camila		AilennCabello	4040
3872	0	WangoTango	2017-05-14 04:01:16	LIAM WAS JUST ON STAGE IM FREAKING OUT 	LIAM		hazzasvibes	4034
3768	0	WangoTango	2017-05-14 04:00:55	If you promise to be gentle I'll let you touch my 			MrRickyGarcia	4030
1148	0	WANGOTANGO	2017-05-14 03:51:37	@adamlevine is fucken hottttttt 			KarinaJauregui	4025
1935	51	WangoTango	2017-05-14 01:25:43	Miley and Noah singing happy birthday to @tishcyrus at  tonight! üéà 	Miley,Noah		intoulouis	4024
1668	12	WangoTango	2017-05-14 03:12:26	üì∏ | Liam no  . 			1DinfiniteZayn	4004
2217	0	WangoTango	2017-05-14 03:55:45	"Maroon 5 the best at  
I love them so much ‚ù§Ô∏è‚ù§Ô∏è‚ù§Ô∏è"			bryana_07	3988
2764	618	LOVERS, WangoTango	2017-05-13 22:25:47	 @NiallOfficial wants to see YOU at ! ü§ûüèºWatch the live stream here:  üëèüèº 		http://KIISFM.com/wangotango	LoorViviana_	3983
5002	12	WangoTango	2017-05-14 02:07:20	Niall no Red Carpet do . (7)	Red Carpet		SLOVES1D5X	3972
4346	0	WangoTango	2017-05-14 04:02:53	Thanks @maroon5 and @adamlevine !!!!  			MikaylaRagovin	3969
2389	4	WangoTango, BonApp√©tit	2017-05-14 00:54:55	Her dance moves during the Migos part was everything üòçüî•üî•   			trillharmonys	3962
1329	31	WangoTango	2017-05-14 02:26:43	BXIXUUSH LIAM IS THERE WATCHING NIALL MY WIG FLEW I LOVE NIAM  	BXIXUUSH LIAM		daisy_styles77	3952
3870	0		2017-05-14 04:01:14	Look who showed up to support his friends and tease his new music coming out NEXT Friday!!! @LiamPayne!!!  		https://twitter.com/i/web/status/863605097556606976	1027KIISFM	3930
1362	16	wangotango	2017-05-14 02:31:23	Niall hoy cantando ' Slow Hands ' en Wango Tango .   	Tango		addictederick	3917
2971	27	WangoTango, Malibu	2017-05-14 03:08:02	"Miley literally SLAYED the  stage!
She sang  ,Jolene and WCS!

Watch performance :‚Ä¶ "	Jolene		JustEvaP	3916
2995	2728	Malibu, WangoTango	2017-05-11 20:31:31	.@MileyCyrus is JUST as excited as we are to watch her perform  üåä at ! Watch the stream:‚Ä¶ 			Mili_soledad95	3913
81	99	WangoTango	2017-05-14 02:40:01	Camila Cabello just KILLED IT at  tonight with MGK! 	Camila Cabello,MGK		aboutlittlemila	3910
1293	136	WangoTango	2017-05-14 00:52:14	"Queen @katyperry SLAAAYED the  stage! Take a peek on our Snapchat / Instagram! 
Username:‚Ä¶ "			slayprismatic	3889
104	285	WangoTango	2017-05-14 00:43:11	Camila with fans backstage at   	Camila		sxphx_199x	3886
3675	0	WangoTango	2017-05-14 04:00:35	 WHUT? LIAM'OK THE NIGHT IS REALLY INSANE			camilizerharmos	3883
3917	2	a1array, EverythingEverything	2017-05-14 04:00:36	Our backstage social stop was so much fun! Thanks to our friends  and . Hi @Jiffpom!!‚Ä¶ 			jiffpom	3872
1050	0	WangoTango	2017-05-14 03:51:20	"@maroon5 with the Prince ""Let's Go Crazy"" cover. I knew Adam's purple guitar meant something. Yes. "	Prince,Adam		CainMcCoy	3870
4125	28	WangoTango	2017-05-14 00:20:06	She's the cutest! We love you @HaileeSteinfeld ‚ú® 			RosseJ_MY	3867
823	0		2017-05-14 03:50:37	I wish... 		https://twitter.com/1027KIISFM/status/863094083681529857	Mickeynotthemo1	3865
2905	0	cc1, CC1isHere, WangoTango	2017-05-14 03:58:20	@Camila_Cabello CC1 is here!   			biancaPELIN	3859
4540	0	WangoTango	2017-05-14 04:03:42	 always with great perfomances @alessiacara @HaileeSteinfeld @Zedd @NiallOfficial @Jordan_Fisher @noahcyrus @Camila_Cabello			issisotelo	3848
935	65	WangoTango	2017-05-14 02:56:02	.@MileyCyrus was also the most interactive with her fans at  üíêüíêüíêüíê 			juliacrowe_	3844
2019	0	WangoTango	2017-05-14 03:54:57	@maroon5 WE NEED A GUITAR SOLO ON THE NEXT ALBUM 			fantasygirlm5	3825
416	4	WangoTango	2017-05-14 03:32:17	Update üé• | Niall performing at 102.7 KIIS FM‚Äôs 2017  ‚Ä¢May 13th, 2017! /isa 			signofhstyles94	3823
1956	10	WangoTango	2017-05-14 02:37:54	Selfie from Louis, Liam at , and performances from Harry and Niall. Today has been a great day.‚Ä¶ 	Louis,Liam,Harry and Niall		OliviaMarie1322	3800
2961	15	WangoTango	2017-05-14 00:35:34	"Pretty sure you should tune in to our Snapchat / Instagram right now... 
üì±: @capitolrecords 
 "			captain_smores	3794
3683	0	WangoTango	2017-05-14 04:00:36	RT @CCabelloNews: Camila with @machinegunkelly (via jimmynickles on Instagram)  	Camila		CamilaDailyMX	3793
2	3084	WangoTango	2017-05-14 02:34:32	Excuse us.. @NiallOfficial coming through   		http://ww.kiisfm.com/wangotango	Zeleza_x	3789
3848	0	Malibu, Jolene, WeCantStop	2017-05-14 04:01:12	Her performance gave me such Wonder World Tour vibes! ‚ò∫Ô∏èAnyone else?    üéàüå¥ 		https://twitter.com/_mileycyrusnl/status/863604640801316864	_mileycyrusnl	3786
2903	7	WangoTango	2017-05-14 03:27:17	"Niall performando ""On The Loose"" no 
MEU DEUS
(via @chxudry)
 "	On The Loose		pizzakardashian	3782
110	75	Despacito, wangotango	2017-05-14 02:22:47	Thank you @1027kiisfm for the invite. LA you sounded amazing singing  ‚Ä¶ 		https://www.instagram.com/p/BUDkuXRBGLQ/	sahana_vinod	3772
3	319	WangoTango	2017-05-14 02:47:35	".@NiallOfficial covering @DUALIPA / @MartinGarrix's ""Scared To Be Lonely""  üò´üôåüèºüòç  "		http://KIISFM.com/wangotango	jaasmine23	3768
1667	0		2017-05-14 03:53:28	i hope so 		https://twitter.com/berrydelicious/status/863602698913841152	niallsoberano	3764
187	60	WangoTango	2017-05-04 20:47:16	sisanie: Always happy to be the bread on a Niall sandwich üçû see you at  niallhoran! 	Niall		roswellmcdio	3758
3566	0		2017-05-14 04:00:14	This. Is. Horrifying. 		https://twitter.com/emojimovie/status/863562740807344128	wulffisthename	3754
3052	0		2017-05-14 03:58:50	They are both so hot 		https://twitter.com/ccabellonews/status/863588835040546816	badxromance	3749
746	118		2017-05-13 18:50:36	.@renalovelis from @HeyViolet got off stage and ran straight to the @OtterPops! Gotta stay cool, right?! üòÇ‚òÄÔ∏è‚Ä¶ 			NJHLove93	3748
4580	132		2017-05-13 20:53:11	. @MileyCyrus told @officialellenk she has something up her sleeve that's going to involve a lot of balloons tonigh‚Ä¶ 			Imamileyfans	3746
1387	0	WangoTango	2017-05-14 03:52:23	We can't wait for @halsey's new album. AHHH!   üò¨ üò¨ üò¨		http://bit.ly/2pKfZnq	1027KIISFM	3741
4893	122	WangoTango	2017-05-14 00:47:00	One more from Niall on the  yellow carpet! We'll go live on Instagram (@901Music) during his performance‚Ä¶ 			nlnahzza	3738
14	2	WangoTango	2017-05-14 03:44:34	"FREE 
THE
NIPPLE
üåà
@MileyCyrus  "			sai_witch	3736
783	17	WangoTango	2017-05-14 03:16:53	"üé• | Niall performando ""Scared To Be Lonely"" (3)   "		http://KIISFM.com/wangotango	jornawlz	3731
17	50	WangoTango	2017-05-14 03:28:56	Niall cantando 'Slow Hands' esta tarde en el ! (2) 			arely_tb	3728
720	29	WangoTango, PREMIOSMTVMIAW, MTVINSTAGLCABELLO	2017-05-14 02:21:15	"Camila on @iHeartRadio snapchat.

   "	Camila		garciacabello2	3720
5383	0		2017-05-14 04:06:43	ONE DREAM ONE BAND ONE DIRECTION 		https://twitter.com/officialwith1d/status/863582144773451776	galwayroses	3711
4601	0		2017-05-14 04:03:57	I LOVE MY SONS SUPPORTING EACH OTHER 		https://twitter.com/karlagarciag/status/863579448184000512	lunenarry	3705
1257	0	WangoTango	2017-05-14 03:51:56	@LiamPayne I love that you went to see Niall at . Supportive brother. 1D forever. :)	Niall		rrs1489	3700
2406	0	cat, cutecat, WangoTango, UFC211	2017-05-14 03:56:17	Cat watching a horror movie will be the cutest thing you will see today! ,,, 		https://goo.gl/a0md4L	andreagreene741	3694
5390	0	WangoTango	2017-05-14 04:06:44	"Meet &amp; greet photos of @backstreetboys from .
"		http://kiisfm.iheart.com/features/wango-tango-2017-2021/photos/5/main/wango-tango-2017-meet-greet-photos-477788/#/116/26776933	KaosOnline	3689
4571	1		2017-05-14 03:47:27	my  1d ship stays winning 		https://twitter.com/narrysource/status/863583153142845440	projectwrecked	3683
2404	0		2017-05-14 03:56:17	Baby is so cute üíì 		https://twitter.com/CamrenNews/status/863551239203803145	itsAshLopez	3679
1454	0		2017-05-14 03:52:37	I'm so upset 		https://twitter.com/katysmyhabibi/status/863558209700847617	izabella_a_	3675
513	836	WangoTango	2017-05-14 01:41:41	.@1027KIISFM's post on Instagram  			saiiapichaya	3668
5067	0	WangoTango	2017-05-14 04:05:33	Bout had a heart attack when the said @LiamPayne was here at . 1 more week till we have a full set of singles from the boys!			alexinlalaland	3666
1591	0	maroon5, Prince, WangoTango	2017-05-14 03:53:09	" doing a great cover of  ""Let's Go Crazy"" at  "	Let 's Go Crazy		MVanterpool	3664
2770	21	WangoTango	2017-05-14 02:23:06	Alessia Cara on the  yellow carpet just now üëãüèΩ | @iHeartRadio 	Alessia Cara		outlawsharmony	3662
1727	3	WangoTango	2017-05-14 03:30:43	@noahcyrus &amp; @MileyCyrus surprised mommy @tishcyrus with a birthday cake at  tonight! HAPPY BIRTHDAY MT‚Ä¶ 			ng3ld0wn	3658
1673	116	WangoTango	2017-05-14 02:39:52	".@MileyCyrus performing ""Malibu"" live for the first time at  is EVERYTHING! @1027KIISFM"	Malibu		StephySmilovVe	3657
3467	0		2017-05-14 03:59:54	Christ. As Dolly Parton dies a little bit more..... 	Dolly Parton	https://twitter.com/iheartradio/status/863584972455555073	rickydigital	3651
1071	35	WangoTango	2017-05-14 02:51:42	üì∏ | Liam at  tonight -11 	Liam		xElaPayneX	3622
537	70	OnTheLoose, WangoTango	2017-05-14 02:18:43	When @NiallOfficial brings out  üíÉüèª  			RealRachelMarin	3613
4025	14	WANGOTANGO	2017-05-14 02:49:54	"OH MY FUCKING GOD LIAM JUST WATCHED NIALL'S PERFORMANCE CAN YOU HEAR ME SCREAM 
 
 "	LIAM		xLarrySyndrome	3606
759	32	WangoTango	2017-05-14 03:22:01	Alessia backstage at ! 			greedyalessia	3602
1121	57	WangoTango, PREMIOSMTVMIAW, MTVINSTAGLCABELLO	2017-05-14 00:51:09	"Camila on @1027KIISFM's yellow carpet.

   "	Camila		garciacabello2	3582
1004	37	WangoTango, PREMIOSMTVMIAW, MTVINSTAGLCABELLO	2017-05-14 01:33:28	"Camila on 's red carpet.

  "	Camila		garciacabello2	3575
27	166	WangoTango	2017-05-14 03:44:27	"When the sound cuts out right at the top of your set and your just like 
""IT AINT MY FAULT"" üò©üòÇ  "			DinahMyCaptain	3566
485	118	WangoTango, WN1D	2017-05-14 03:06:04	Liam en el backstage de   	Liam		arely_tb	3546
2724	236	WangoTango	2017-05-14 00:53:53	Just a quick pep talk from @katyperry before @noahcyrus hits the  stage üë≠‚ù§Ô∏è 			perrygwza	3533
1928	66	WangoTango	2017-05-14 01:27:53	.@HaileeSteinfeld is seriously goals....and killing the outfit game  			onedire79089870	3529
586	32	WangoTango	2017-05-14 02:48:44	miley cantando y bailando we can't stop MY 2013 FEELS  			Sebastianariasy	3524
349	36	WangoTango	2017-05-14 01:12:18	Niall con fans en el ! (3) 			RebeZantosh1D	3522
2332	0		2017-05-14 03:56:04	HONESTLY SAVED ME 		https://twitter.com/iheartradio/status/863581783698231296	niallohhh	3518
3166	1	WangoTango	2017-05-14 03:04:46	Geli's Instagram. Stella! And adorable lil June üíï  	Geli 's Instagram,Stella		gabrielmvalois	3514
1253	79	WangoTango	2017-05-14 02:20:14	In honour of  being today, here's a throwback to Zayn performing at last year's Wango Tango! 	Wango Tango		ZeeZzZayN	3510
1635	0	WangoTango	2017-05-14 03:53:20	Maroon 5 covering Prince...what else could you want in life?? 	Maroon 5,Prince		MrStevenJohnson	3509
1147	0		2017-05-14 03:51:37	NIALL IN A FUCKING HENLEY SINGING SLOW HANDS.. I'VE DIED AND GONE TO HEAVEN (minus that fucking hat) 		https://twitter.com/1dfamlly/status/863583482215358464	callmekaitxo	3497
3741	4	WangoTango	2017-05-14 02:44:50	Miley singing 'We Cant Stop' at . 			chem_is_TRY__	3467
5205	0	WangoTango	2017-05-14 04:06:07	 is trending worldwide.			CelebUpd8s	3465
5350	0	WangoTango	2017-05-14 04:06:37	Liam at  tonight.  (via @wydnialll) 	Liam		1DInfoForFans	3434
126	542	wangotango	2017-05-14 00:31:31	Camila with @tanyarad on @1027KIISFM's Snapchat story  	Camila		saiiapichaya	3428
1797	0	SamuraiJack, UFC211, BookOfJohnGray, GB400, WangoTango, MostRequestedLive	2017-05-14 03:54:02	 , Joevin Jones ,  ,  , Bryce Harper ,  ,  , 	Joevin Jones,Bryce Harper		nipponupdate	3424
2106	0		2017-05-14 03:55:16	Yes they were everything except good 		https://twitter.com/katysmyhabibi/status/863558209700847617	zenmani	3422
986	70	WangoTango, PREMIOSMTVMIAW, MTVINSTAGLCABELLO	2017-05-14 01:34:10	"Camila on @ashlee_juno's Instagram story.

   "	Camila		garciacabello2	3406
54	1	WangoTango	2017-05-14 03:47:25	Camila no yellow Carpet do  			HeyLaurmila	3394
845	21	WangoTango	2017-05-13 18:35:15	Our first  Village artist @HeyViolet has hit the stage!!  	Village	http://ww.kiisfm.com/wangotango	NJHLove93	3386
575	18	WangoTango	2017-05-14 03:37:58	i'm so proud of her  			queengrimmiex	3385
2355	0	Awesometech, hightech, WangoTango, UFC211	2017-05-14 03:56:08	Mercedes F015 Concept Car Drives Itself To CES Las Vegas ,,, 	Mercedes F015,Vegas	http://goo.gl/PFm1pV	edwardbond2581	3369
1435	272	WangoTango	2017-05-14 02:07:12	Guess whose set this isüòâ  			pphox	3366
563	1		2017-05-14 01:43:34	.@EsperanzaGomez @LasMasPutasMex @Culos_Enormes @CamGirlzParty @LindasPutitas @CamGirlz1 @CamGirlErotica‚Ä¶ 			rubicon765	3365
1369	0	PREMIOSMTVMIAW, MTVINSTAGLCABELLO	2017-05-14 03:52:18	CamilaNationBr:   		https://twitter.com/CamilaNationBR/status/863602510765973506	LittleCCabeyo	3362
1545	2	WangoTango	2017-05-14 03:30:54	Niall performing Slow Hands at  today! -J 			CelebUpd8s	3358
671	1	WangoTango	2017-05-14 03:36:07	Justin singing Hold Tight last 2 years ago at  	Justin		francesxasg	3352
1614	0	wangotango, upgrade	2017-05-14 03:53:16	Please upgrade my little sister and i to the pit so she can see her fave Miley!!!  			Amrozek25	3343
347	163	WangoTango	2017-05-14 01:41:39	"Yesssss üôåüèΩ @katyperry performing her new single ""Bon Appetit"" at @1027KIISFM  "	Bon Appetit		prismxticboy	3342
4578	0		2017-05-14 04:03:52	i will die for her tummy RIGHT NOW 		https://twitter.com/CCabelloNews/status/863604631246524416	darthleias	3328
1751	49		2017-05-14 03:07:01	Guess who's in the building! üòç Get those dancing shoes on because @alessiasmusic and @zedd are coming up!‚Ä¶ 			Karla77508059	3326
117	111	Jolene, WangoTango	2017-05-14 02:39:27	.@MileyCyrus is BACK and taking us back to her roots with  at   		http://bit.ly/2pwi3Ul	MiPhiaPerfect	3322
292	0	WangoTango	2017-05-14 03:48:38	KIIS/Los Angeles Releases The Lineup For The Free Wango Tango ...  ‚ö°üåü 	KIIS/Los Angeles Releases	http://clasificadosformosa.com/searching/forex/11?dmuaepo	Luciana0738	3317
1968	26	WangoTango	2017-05-14 02:59:49	Everybody, rock your body! üòç @backstreetboys 			BackstreetLamb	3316
5194	0	WangoTango	2017-05-14 04:06:04	i miss justin's performance back in 2015 :,( 	justin		bizzlesthrone	3315
5101	0	WangoTango	2017-05-14 04:05:42	It's a beautiful night at  Zedd is on stage!	Zedd		RonTheITGuy	3312
2275	145	WangoTango	2017-05-13 17:55:40	Niall takes the  stage at 7:15PM PST tonight. We'll be posting live on our Instagram Story (@901Music).‚Ä¶ 			nong21914	3304
3529	0		2017-05-14 04:00:04	i fucking love this song 		https://twitter.com/hoeslay/status/863603878159306753	hfkbeth	3290
3705	2	UPDATE, WangoTango	2017-05-14 02:58:24	 | Miley &amp; @halsey backstage.  			chem_is_TRY__	3279
3546	0	WangoTango	2017-05-14 04:00:08	Bless your timeline with Niam  	Niam		hotbeanlouis	3266
4544	0		2017-05-14 04:03:43	this is so good fuckk 		https://twitter.com/hoeslay/status/863603878159306753	aIcohalsey	3257
2449	153	WangoTango	2017-05-14 02:19:04	Niall cantando On The Loose!  			bae_hxrry	3255
59	2		2017-05-14 03:10:56	OMG PLEASE PERFORM W NIALL PLEASE 		https://twitter.com/OfficialWith1D/status/863582144773451776	cacaehs	3249
1912	80	WangoTango	2017-05-14 01:59:35	üì∏ | Liam at  tonight. 	Liam		xElaPayneX	3241
1971	0	WangoTango, wangotango2017	2017-05-14 03:54:44	"üî•That moment when @kendra_benz clothes hit the floor!üî•

üÜì‚û°Ô∏è

 
 
 "		http://lovefreecams.com/cam/kendrabenz, https://twitter.com/i/web/status/863603458468757504	lovefreecams	3218
1715	947	WangoTango	2017-05-14 00:26:19	Camila Cabello on the  just now ü§òüèΩ | @iHeartRadio 	Camila Cabello		LalYazareth	3212
4769	0		2017-05-14 04:04:36	@LiamPayne + @edsheeran = STRIP THAT DOWN 		https://twitter.com/1027kiisfm/status/863605097556606976	kadycat	3210
2564	0	WangoTango	2017-05-14 03:56:52	While we wait for the @backstreetboys  performance, check out these backstage photos! 			WHOTheBckstreet	3209
2140	0	NASCAR, WangoTango	2017-05-14 03:55:25	Okay  over now to watch whatever this  is so I can see the @backstreetboys!!!			sj2429	3198
735	15	ImStuck, WangoTango	2017-05-14 02:14:37	.@noahcyrus performed a brand NEW song titled  at . SO good!  üëå		http://bit.ly/2qey4ND	noahcyrus	3192
2678	16	WangoTango	2017-05-14 02:55:47	Camila durante a performance de Bad Things no   	Camila		lvarezAntonelad	3188
1828	13	BonAppetit, WangoTango	2017-05-14 01:13:32	Katy Perry Performing  üçí at  @katyperry @1027KIISFM üíÖüèª 	Katy Perry		slayprismatic	3166
946	134	WangoTango	2017-05-14 02:35:21	"Another video of ""Slow Hands"" tonight and the crowd singing along.  "			kamryn_307	3163
216	2	WangoTango	2017-05-14 03:46:56	Miley backstage at  	Miley backstage		lipsoflauren	3156
3622	0	WangoTango	2017-05-14 04:00:25	"I just noticed that @Zedd is in the  and @LiamPayne is also there ...
Do you have a little surprise, Payne?¬†üëÄüëÄüëÄüëÄ"	Payne		StrongforShawn_	3141
1012	14	WangoTango	2017-05-14 01:56:16	Miley was seen rehearsing Jolene earlier so we can confirm she will be singing Jolene-  	Miley,Jolene		macaronileoni	3135
4909	6		2017-05-14 03:06:59	I'M SO HERE FOR THIS!!! 		https://twitter.com/officialwith1d/status/863582144773451776	lou18harry	3123
3772	0	wangotango	2017-05-14 04:00:56	RT @CCabelloNews: Camila with @tanyarad on @1027KIISFM's Snapchat story  	Camila		CamilaDailyMX	3102
2568	0		2017-05-14 03:56:54	THE INTRO 		https://twitter.com/NJHNEWS/status/863592761907441664	inkfreeskin	3095
1221	0		2017-05-14 03:51:47	Wait, y'all stan this? 		https://twitter.com/1027KIISFM/status/863554108162097152	shadesofteddy	3073
561	28	WangoTango	2017-05-14 00:40:29	Love you @HaileeSteinfeld!!! Can't wait to see you perform later at  			Mendes_franta	3060
43	132	WangoTango	2017-05-14 03:25:16	This is everything!   &lt;3 &lt;3 		https://twitter.com/NiallOfficial/status/863595440758968320	Rosi_FD	3053
3428	7	WangoTango	2017-05-13 22:53:25	Gang's all here getting ready to broadcast these artist interviews for you!  in full force 			captain_smores	3052
1880	0	WangoTango	2017-05-14 03:54:22	Is BSB's set going to be just as long as M5's?! 	BSB		devonkosa	3047
364	39	WangoTango, PREMIOSMTVMIAW, MTVINSTAGLCABELLO	2017-05-14 01:59:39	"Camila no backstage do 

  "			5hot5_4ever	3041
944	1	WangoTango	2017-05-14 03:25:04	Niall no  			dobrevbrieen	3028
827	1	WangoTango	2017-05-14 03:37:42	This girl is flawless  			javierlorenzo75	2995
3198	0	WangoTango	2017-05-14 03:59:11	Liam!! 	Liam		xXTwinFlamesXx	2971
1125	0	WangoTango	2017-05-14 03:51:33	@NiallOfficial @1027KIISFM @iHeartRadio you do know I lost my voice there by screaming loud at  but damn it was good			__princessxella	2964
1001	0	WangoTango	2017-05-14 03:51:11	"Wowwww adam woww @adamlevine I love youuu por siempreeeee !! 
"			NicolleCure93	2961
3522	0	UFC211, WangoTango	2017-05-14 04:00:03	"Top 5:
1: 
2: Woodley +9
3: 
4: Kate Bush
5: Leeds Bradford Airport"	Kate Bush5,Leeds Bradford Airport		Trends5UK	2958
2346	0	adamlevine, cutetoddler, WangoTango, UFC211	2017-05-14 03:56:07	Adam Levine's New Girlfriend ,,, 	Adam Levine	http://goo.gl/ci2SIW	bernade88851079	2953
1166	0		2017-05-14 03:51:40	Queen üëë 	Queen	https://twitter.com/MySmilerSide/status/863602195111006208	Niall_OneDGT	2951
2420	48	WangoTango	2017-05-14 02:42:53	"Another throwback to when Zayn did THAT at . The start of an amazing, record-breaking career!
"			cruelfan1	2942
151	0	WangoTango	2017-05-14 03:48:05	 Yeezy Yeezy what's good it's ya boi Max b			SirLoinSerrano	2932
40	0	WANGOTANGO	2017-05-14 03:47:38	LIAM AND NIALL LIAM AND NIALL @LIAMPAYNE @NIALLOFFICIAL NIALL  NIALL LIAM NIALL LIAM NIALL LIAM NIALL LIAM NIALL LIAM NIALL LIAM 	LIAM,LIAM,LIAM,LIAM,LIAM,LIAM,LIAM NIALL LIAM	https://twitter.com/i/web/status/863601672836325377	liamschocochips	2914
3533	0	WangoTango	2017-05-14 04:00:05	IF LIAM PERFORMS WITH ZEDD 	IF LIAM		devonkosa	2905
3241	16	WangoTango	2017-05-13 19:33:10	The beautiful @noahcyrus üòçcan't wait to see you on our  main stage!! 			captain_smores	2903
1543	341	WangoTango	2017-05-14 00:25:27	Camila no Snapchat da @1027KIISFM  			5Hdestinylove	2894
135	4	WangoTango	2017-05-14 03:36:52	"Niall is so fast deleting his tweet. 

 "			eriLS96	2886
2478	0	funnypuppy, adorablepuppy, WangoTango, UFC211	2017-05-14 03:56:29	Funny Puppy Drinking Milk and Falling in It ,,, 		http://goo.gl/8gbs3Q	gordonh76599702	2884
4150	0		2017-05-14 04:02:13	fuck me i love her 		https://twitter.com/hoeslay/status/863603878159306753	hfkbeth	2876
1045	40	WangoTango, PREMIOSMTVMIAW, MTVINSTAGLCABELLO	2017-05-14 01:19:03	"Camila on 's yellow carpet. 

  "	Camila		garciacabello2	2873
2577	1	WangoTango	2017-05-14 03:56:24	"Live from 102.7 KIIS FM's , watch @halsey perform ""Eyes Closed"" off her sophomore album ""hopeless founta‚Ä¶ "	FM		thrillsbailey	2872
4271	0	WangoTango	2017-05-14 04:02:38	"Camila on stage at
. 
"	Camila		SELTONROLLINS	2864
2297	0	Funnyanimal, funnyowl, WangoTango, UFC211	2017-05-14 03:55:58	Lovely Owls ,,, 		http://goo.gl/F1PXX0	lucasbaker7371	2856
1415	8	WangoTango	2017-05-14 02:24:25	Niall hoy cantando 'This Town' en  			addictederick	2846
5190	0	ALDUBMaineEventDFP30	2017-05-14 04:06:03	"Power tweet guys!
 "		https://twitter.com/trendinaliaPI/status/863599758769659904	RachelDWhitesi2	2833
5292	2	WangoTango	2017-05-14 01:36:56	Cute Miley fanpics backstage!  	Miley		DianaMailen2	2816
389	0	WangoTango	2017-05-14 03:49:04	, Niall  „ÄêFR:37.7t/m„Äë		https://twitter.com/search?q=%28%20Wango%20Tango%20%29%20OR%20%23WangoTango%20lang%3Aen	trend_words_en	2804
502	23	WangoTango	2017-05-13 20:51:48	legend only  			ilysmccabello	2792
1812	0		2017-05-14 03:54:04	@WorldNotes1D Did Niall have the best performance of the night? 		https://twitter.com/poppoils/status/863599037387333633	PopPoIls	2791
3613	8	WangoTango	2017-05-13 23:29:56	She's here she's here! Who's ready to see @imjmichaels tonight?!  			captain_smores	2780
980	0		2017-05-14 03:51:07	LOOK AT HER ‚òπÔ∏è 		https://twitter.com/alessiacworld/status/863600520564551680	alessiaskiwi	2770
2451	0	raccoon, raccoonwashing, WangoTango, UFC211	2017-05-14 03:56:25	Crazy Raccoon Gosha Loves Washing Everything ,,, 	Crazy Raccoon Gosha Loves Washing Everything	http://goo.gl/v742cL	sebastianmack14	2769
279	0		2017-05-14 03:48:35	@TeamMileyyLA Best performance? 		https://twitter.com/poppoils/status/863599037387333633	PopPoIls	2764
121	206	WangoTango	2017-05-14 02:47:35	New music from @NiallOfficial üôåüèºüôåüèºüôåüèº   		http://KIISFM.com/wangotango	LuckyDeviani	2746
3916	0		2017-05-14 04:01:24	WHAAAAAAATTTTTTT 		https://twitter.com/larrybuzzinhome/status/863604797756276736	shiningstar324	2745
3192	137	WangoTango, StayTogether	2017-05-13 19:19:41	Loving @noahcyrus at  with her new single  			captain_smores	2734
77	0	maroon5, WangoTango	2017-05-14 03:47:45	 on stage now   		http://kiisfm.iheart.com/features/wangotango-2021/	MVanterpool	2724
5189	0	WangoTango	2017-05-14 04:06:03	.@NiallOfficial @LiamPayne Niall no backstage do , em San Diego. (13/05) 	San Diego		Team1D_Family	2716
41	1296	wangotango	2017-05-14 02:05:52	What can I say, it's complicated üòè @Camila_Cabello @machinegunkelly   		http://KIISFM.com/wangotango	nathalia9901	2714
1213	68	WangoTango	2017-05-14 01:01:57	BABY YOU'RE A FIREWORK üéáüéáüéá @katyperry  Watch live:  		http://KIISFM.com/wangotango	slayprismatic	2706
366	0		2017-05-14 03:48:57	this ain't right üòøüòøüòøüòøüòø he's supposed to be up there with him 		https://twitter.com/ljpayneupdates/status/863582507295543296	littIman	2695
186	413	WangoTango	2017-05-14 01:19:25	Camila on the  yellow carpet.  	Camila		francy_lolo	2690
4148	0		2017-05-14 04:02:12	Katy baby no what is you doing???!! üò∑ my ears 		https://twitter.com/1027kiisfm/status/863554108162097152	casschrysler	2678
342	22	WangoTango	2017-05-13 20:09:10	.@aaroncarter is back üôåüèºüôåüèºüôåüèº   		http://KIISFM.com/wangotango	NJHLove93	2643
519	610	WangoTango	2017-05-13 19:03:49	Look whose dressing rooms we found ü§ó   		http://KIISFM.com/wangotango	gabii97_leal	2640
229	406	WangoTango	2017-05-14 00:27:49	Camila blowing kisses on the  yellow carpet üòò | @iHeartRadio 			Mitzi_Quiroz	2636
71	0	WangoTango	2017-05-14 03:47:44	"@SofiaCarson via @favecelebz instagram stories at   How can one person be so perfect? She is stunning.  Love her  üòç
@1027KIISFM "		https://twitter.com/i/web/status/863601698065055744	SofiaCarson_JLS	2633
67	10	WangoTango	2017-05-14 02:51:18	 Hailee Steinfeld performs onstage during 102.7 KIIS FM's 2017  on May 13 in California. 	Hailee Steinfeld,California		SummerBowden4	2628
5096	44	WangoTango	2017-05-14 00:25:50	.@sofiacarson looking gorgeous at  today! ‚ù§Ô∏è 			danniel_mtz98	2622
208	174	WangoTango	2017-05-14 01:53:34	Niall en el  üòçüòç 			we_ndoly	2593
1878	12	WangoTango	2017-05-14 02:54:41	Hailee Steinfeld and Machine Gun Kelly perform onstage during 102.7 KIIS FM's 2017  on May 13 in Califor‚Ä¶ 	Steinfeld,Machine Gun Kelly		RizelleAubrey	2584
505	5	WangoTango	2017-05-13 19:33:53	. @aaroncarter is up next at our  Village.  	our Village	http://KIISFM.com/wangotango	NJHLove93	2577
3328	8	WANGOTANGO	2017-05-14 03:28:32	LIAM EN  . -CT‚ô° 	LIAM		NEIDA_1D200	2575
287	102	WangoTango	2017-05-14 02:04:49	AWWW! @MileyCyrus &amp; @noahcyrus surprised their mom with a birthday cake at !  üéÇ 		http://bit.ly/2qfG7cx	buterabelxo	2568
1155	53	WangoTango, PREMIOSMTVMIAW, MTVINSTAGLCABELLO	2017-05-14 00:39:10	"Camila's M&amp;G on  

  "	Camila		garciacabello2	2564
4121	39	WangoTango, PREMIOSMTVMIAW	2017-05-13 20:05:48	"Today is  She's going to make another incredible performance! Go @Camila_Cabello FLACA ‚ù§
 
"			TifanyBelleth	2556
667	0	WangoTango	2017-05-14 03:50:01	"Update üé• | Niall performing at 102.7 KIIS FM‚Äôs 2017  ‚Ä¢May 13th, 2017! /isa

¬©  courtneyjbarry "			LouisTommo1DUK	2528
4593	0	wangotango	2017-05-14 04:03:56	"Sparkle Queens! üòò‚ú®üéâ @musickillskate @stassi 
„Éª„Éª„Éª
Hanging out with our wang out.  "	Sparkle Queens	https://www.instagram.com/p/BUDwTQHA7nS/	PumpRulesPod	2519
172	135	WangoTango	2017-05-14 01:57:56	"Brb, @LiamPayne is at !!! üò±üò±üò±üò±üò±üò±
 "		http://KIISFM.com/wangotango	touchinghalsey	2501
51	79	WangoTango, SlowHands, proud	2017-05-14 03:39:40	.@NiallOfficial had all of  swooning over  &amp; more! üé§‚ù§Ô∏èüî•  			Selxna1D	2497
202	1	WangoTango	2017-05-14 03:46:45	I LOVE MAROON 5 üòò  			Gaby_991	2494
4846	8	WangoTango	2017-05-14 00:37:14	"Hailee Steinfeld no Instagram Story da @Sisanie.
 "			SummerBowden4	2493
2958	64	WangoTango, PREMIOSMTVMIAW, MTVINSTAGLCABELLO	2017-05-13 20:29:30	" 2015 Outfit iconico 

  "			garciacabello2	2487
1291	55	WangoTango, PREMIOSMTVMIAW, MTVINSTAGLCABELLO	2017-05-14 00:30:10	"Camila tonight via @901Music.

   "	Camila		garciacabello2	2480
2622	0	WangoTango	2017-05-14 03:57:07	My poor Niam heart ‚ù§  		https://twitter.com/inkfreeskin/status/863596181149986816	simplizziety	2478
1872	170	WangoTango	2017-05-13 20:20:51	excited for  tonight!!! see all of your beautiful faces there‚ù§Ô∏è‚ù§Ô∏è‚ù§Ô∏è 			louismyilusion	2477
128	138	WangoTango	2017-05-14 02:20:05	Niall cantando 'On the Loose' esta tarde en el ! 			janettaguillon	2471
4261	22	WangoTango	2017-05-14 02:50:36	.@HaileeSteinfeld looked SO gorgeous up on our  stage!  üíòüëë		http://bit.ly/2rdmwre	RosseJ_MY	2470
101	0	WangoTango, M5OnWangoTango	2017-05-14 03:47:51	I WANT THAT RED VELVET I WANT THAT SUGAR SWEET  			queenbiass	2466
1263	72	WangoTango	2017-05-14 01:55:57	SURPRISE. Liam Payne just showed up on the  yellow carpet üî• | @iHeartRadio 	Liam Payne		ajengfbrhm	2463
1998	0	WangoTango	2017-05-14 03:54:50	This is  			grandefthaIsey	2460
2886	1	WangoTango	2017-05-14 03:38:51	Liam Payne, Sofia Carson and Jordan Fisher Attend Wango Tango!  	Liam Payne,Sofia Carson,Jordan Fisher,Wango Tango	http://www.beautifulballad.org/2017/05/13/liam-payne-sofia-carson-and-jordan-fisher-attend-wango-tango/	srfHOPE2413	2455
2329	0		2017-05-14 03:56:02	So proud of this girlüëèüëèüëèluv u so much 		https://twitter.com/CCabelloNews/status/863589193448017920	zel_alcazar	2451
3406	0	UFC211, WangoTango, trndnl	2017-05-14 03:59:45	"‚íà 
‚íâ Woodley
‚íä 
‚íã Kate Bush
‚íå Leeds Bradford Airport

2017/5/14 04:53 BST  "	Kate Bush‚íå Leeds Bradford	http://www.trendinalia.com/twitter-trending-topics/unitedkingdom/unitedkingdom-today.html	trendinaliaGB	2449
2746	8	WangoTango	2017-05-14 03:42:25	HQ: Alessia backstage at  today 			outlawsharmony	2448
1807	53	WangoTango	2017-05-14 02:11:49	üì∏ | Liam at  tonight -5 	Liam		xElaPayneX	2447
1648	41	WangoTango	2017-05-14 01:55:11	Slay, @HaileeSteinfeld! ‚ù§Ô∏èüôå  			onedire79089870	2445
58	76	WangoTango	2017-05-14 03:41:24	Camila no yellow carpet do  (HQ)  			teenwolflovato	2441
3212	131	WangoTango	2017-05-13 23:51:11	Photos of Katy walking the  carpet (via @katyspics) 			heartedkaty	2440
4610	12	WangoTango	2017-05-14 02:44:20	"Hailee Steinfeld cantando ""Starving"" no  - 13 de maio. "	Hailee Steinfeld		SummerBowden4	2437
156	166	WangoTango	2017-05-14 00:25:12	Camila on the yellow carpet at   	Camila		Harmo__Army	2436
241	33	WangoTango	2017-05-13 23:00:53	.@aaroncarter hanging out at  Watch at  	Watch	http://kiisfm.com/wangotango	jbeliebaa	2433
5220	0		2017-05-14 04:06:11	get this mess off my timeline 		https://twitter.com/officialwith1d/status/863593726039519232	nialItheking	2428
909	0		2017-05-14 03:50:52	she's cute 		https://twitter.com/alessiacworld/status/863595224995700736	beIievelovato	2427
2109	0		2017-05-14 03:55:17	LOL LOL üòÇ üòÇ üòÇ I AM ON TOP!!!!!‚ù§Ô∏èÔ∏èüçíüçíüéºüòÄ 		https://twitter.com/katyperrylately/status/863536784659140609	YasminGoddess3	2425
19	375	WangoTango	2017-05-14 02:33:05	Camila on stage at . 	Camila		dangerouscasey	2422
1492	1	WangoTango	2017-05-14 01:05:40	i never needed you like i do right now, i never hated you like i do right now 			niallretardada	2420
996	0	WangoTango	2017-05-14 03:51:10	tribute to PRINCE üíúüíú  awesome!! @maroon5	PRINCE		slorena415	2418
1693	0	WangoTango	2017-05-14 03:53:36	IG | Kells no Instagram story da @HaileeSteinfeld.   			MGKUpdateBR	2417
2349	2	Malibu, WangoTango	2017-05-14 03:18:10	.@MileyCyrus performed her new single  for the FIRST TIME at @1027KIISFM ! See the video! -&gt; 			madipokey123	2413
2214	6	WangoTango	2017-05-14 03:31:32	"Niall cantando On The Loose en el  . -CT‚ô°

"			NEIDA_1D200	2412
2417	0	ostrich, ostrichski, WangoTango, UFC211	2017-05-14 03:56:20	Ostriches tried on skiing gear, and what happened next will stun you! ,,, 		http://goo.gl/5rX8CP	andrewl34343982	2410
1260	79	WangoTango	2017-05-14 03:09:34	"May 13th: Niall performing ""On The Loose"" (via @chxudry) (2)  "	On The Loose		93_irishboy	2408
5182	6	WangoTango	2017-05-14 03:32:57	 Hailee Steinfeld and Machine Gun Kelly perform onstage during 102.7 KIIS FM's 2017  on May 13 in Cali‚Ä¶ 	Steinfeld,Machine Gun Kelly		alreg50	2406
98	703	WANGOTANGO	2017-05-14 02:19:19	@LiamPayne watching @NiallOfficial at  			LittlxTomlinson	2404
1651	12	WangoTango	2017-05-14 03:15:36	"üé• | Niall performando ""Scared To Be Lonely"" (via @chxudry) (2)  "			1DinfiniteZayn	2402
4694	0	WangoTango	2017-05-14 04:04:21	".@NiallOfficial @CapitolRecords Niall on stage at  üé∏üé∂

That beautiful smile give me peaceüòáüòç "			NiallsGaIlery	2399
1113	51	WangoTango	2017-05-14 02:45:53	Miley performing We Can't Stop! üò≠  			tinaalovesyou	2389
42	0		2017-05-14 03:47:39	wtf is this 		https://twitter.com/1027kiisfm/status/863554108162097152	jaureguichken	2383
326	352	WangoTango	2017-05-14 02:17:34	Camila and @machinegunkelly on stage at . 			LalYazareth	2376
1988	0		2017-05-14 03:54:49	Daddy [De Zayn] ahre. 		https://twitter.com/Harry_GirlsLati/status/863602506349264897	lxrry_comeout	2375
4910	0		2017-05-14 04:05:01	OHNYGOD 		https://twitter.com/OfficialWith1D/status/863582144773451776	niallxkyungsoo	2373
2412	0	WangoTango	2017-05-14 03:56:20	I'm pumped for zedd 			devonkosa	2372
723	26	WangoTango	2017-05-14 02:24:49	Introduced @noahcyrus with mom and she crushed it :)  			noahcyrus	2356
2716	0	WangoTango	2017-05-14 03:57:33	@Camila_Cabello I love you, I'm so proud of you although you won't see this message and you won't follow me, you are amazing‚ù§‚ù§ 			migueltv2504	2355
1611	28	WangoTango	2017-05-14 02:36:44	YAS CAMILA, SLAY THAT WANGO TANGO STAGE!  			1DCarolinaMB	2350
199	4223	WangoTango, Malibu	2017-05-13 16:17:07	.@1027KIISFM   Can't wait for my first performance EVER of  üåä 			NaxhiooMunk	2349
248	244	WangoTango	2017-05-14 00:42:36	Camila with fans backstage at  	Camila		saiiapichaya	2346
2061	0		2017-05-14 03:55:06	And Miley singing Jolene is my ultimate crack. Her backyard sessions are so so good. So powerful. üò© WATCH THEM.  	Miley,Jolene	https://twitter.com/i/web/status/863603550521143296	SelenaGotMeLike	2333
789	0	WangoTango, Malibu	2017-05-14 03:50:29	"This is just the beginning y'all ‚úåüèΩ 
  "			OurFemaleRebel	2332
2519	0	WANGOTANGO	2017-05-14 03:56:39	You don't understand. @maroon5 is just heart eyes motherfucker. 			punsNpuppies	2331
150	134	WangoTango	2017-05-14 02:33:42	Camila no Instagram story da @ashlee_juno   			Cclmjauregui	2330
431	48	WangoTango	2017-05-14 02:25:56	Niall perfoming 'On the Loose' at  (via @1027KIISFM) 			oneuriection	2329
1003	0		2017-05-14 03:51:12	OH SHIT 		https://twitter.com/alessiacworld/status/863598111645728768	seventeenlogic	2321
1185	312	WangoTango	2017-05-14 00:45:32	Niall is on the carpet!! üî• Who's excited to see him on stage tonight?! | @iHeartRadio  			MimiShikshin	2318
10	11	WangoTango	2017-05-14 03:43:49	We ran into a fan at  who had some special words for @NiallOfficial! ‚ù§Ô∏è‚ù§Ô∏è‚ù§Ô∏è 			paralesrosalyn	2303
1343	0	NowPlaying, WangoTango	2017-05-14 03:52:13	" ""Let's Go Crazy"" by Prince - covered by @maroon5, live at "	Let 's Go Crazy,Prince		dc408dxnow	2297
1813	0	WangoTango	2017-05-14 03:54:04	Normila is alive omg  			iggzdistortion	2295
3668	6	Issues, WangoTango	2017-05-14 03:25:54	.@imjmichaels KILLED her performance of !   üí´ üí´ üí´		http://bit.ly/2qhDAwO	CSchevoli	2294
4342	0		2017-05-14 04:02:52	Camila's cute belly üòÅ 	Camila	https://twitter.com/CCabelloNews/status/863604631246524416	Micaycay__	2291
11	14	WangoTango	2017-05-14 03:39:36	Niall performing at  			suckMatty	2288
1738	76	WangoTango	2017-05-14 02:29:43	Camila and @machinegunkelly on stage at  			itsAshLopez	2287
3343	19	WangoTango	2017-05-14 02:28:43	"100% point on vocals 
100% point on styles 
100% point on body 
What a great queen üòåüëèüèª

  "			SabrinaPerdom	2286
21	0	WangoTango	2017-05-14 03:47:35	Niam together in  is the only thing today that makes me happy ‚ù§Ô∏è‚ù§Ô∏è			NataliastylesHa	2282
1900	58	WangoTango	2017-05-14 02:01:36	üì∏ | Liam at  tonight  [@901Music] 	Liam		xElaPayneX	2281
1462	0	WangoTango	2017-05-14 03:52:39	üì≤ || Liam backstage at  			1DUpdateOT4	2278
3123	11	WangoTango	2017-05-14 01:47:55	Cyrus ladies times three onstage at ! ‚ù§Ô∏è @MileyCyrus @noahcyrus @tishcyrus 	Cyrus		cyrxspxrpose	2277
1613	0	WangoTango	2017-05-14 03:53:15	".@RyanSeacrest can't help but join the @maroon5 party!!!!  
 "		http://bit.ly/2pwi3Ul	1027KIISFM	2276
807	50	WangoTango, PREMIOSMTVMIAW, MTVINSTAGLCABELLO	2017-05-14 01:59:04	"Camila on the backstage of  

  "	Camila		garciacabello2	2275
1184	0	WangoTango	2017-05-14 03:51:43	I love that Maroon 5 is getting to perform so many songs. I hope @backstreetboys gets the same, if not more, amount time. 	Maroon 5		berrydelicious	2269
2427	0	Awesometech, hightech, WangoTango, UFC211	2017-05-14 03:56:22	2015 Modular Phone: Project Ara ,,, 		http://goo.gl/SiSxVp	rachelnorth4241	2265
938	0	CC1isComing	2017-05-14 03:50:58	"CAMILA CABELLO IS COMING FOR BLOOD PASS IT ON 
 "	CAMILA CABELLO	https://twitter.com/ccabellonews/status/863576499273781250	cuhbaeyofine	2263
4319	2	WangoTango	2017-05-14 02:16:53	 ON THE LOOSE IS A FUCKIN JAAAAAM MY GUYS			MairasLouis	2262
260	24	WangoTango	2017-05-14 01:33:53	.@haileesteinfeld watching and supporting @imjmichaels backstage at  ‚ù§Ô∏è 			JuliaMichaelsPH	2255
949	50	WangoTango, PREMIOSMTVMIAW, MTVINSTAGLCABELLO	2017-05-14 01:42:24	"Camila on 's yellow carpet.

  "	Camila		garciacabello2	2251
585	34	WangoTango	2017-05-14 02:26:30	Camila con @JoJoWright (via Instagram de jojowright)  			Pau2_5H	2249
3424	0	eurovision, UFC211, WhitePeople, zachbrownbandlive, SamuraiJack, WangoTango	2017-05-14 03:59:47	"50 COLORS!

      trump 1sssjxjxjxbxbdbdbbdbds"		https://www.amazon.com/Nexxgen-Sports-Apparel-Moisture-Compression/dp/B0170BFGXC/ref=sr_1_8?ie=UTF8&qid=1492371998&sr=8-8&keywords=Compression%2Barm%2Bsleeve&th=1	NexxgenCo	2244
49	0	WangoTango, M5OnWangoTango	2017-05-14 03:47:40	YES PLEASE MORE MAROON 5 ‚ù§    			katyloveM5	2235
2262	0	Funny, Funnyvideo, WangoTango, UFC211	2017-05-14 03:55:54	Brilliant Recreation for Jurassic World Trailer ,,, 		http://goo.gl/EZa02S	johnduncan2021	2233
780	50	WangoTango	2017-05-14 02:08:33	Camila and @machinegunkelly during their performance on  (@MarcusRFrancis on Instagram story)‚Ä¶ 			garciacabello2	2224
1891	141	WangoTango	2017-05-14 00:40:12	Niall in @Chelsea_Briggs' Instagram story (May 13th)  			claramo2018	2219
824	12	WangoTango	2017-05-14 03:23:50	üì∏ | Liam at  tonight  	Liam		xElaPayneX	2217
1000	0	WangoTango	2017-05-14 03:51:10	Niall on the yellow carpet at  üíõ  			NiallsGaIlery	2214
1851	16	WangoTango	2017-05-14 00:39:50	Katy singing Dark Horse at . @katyperry 			slayprismatic	2184
2375	0	WangoTango	2017-05-14 03:56:13	"Liam watching Niall performing at .
They're definitely friendship goals.
@NiallOfficial @LiamPayne I love you both!! üòòüòòüòò "	Liam	https://twitter.com/i/web/status/863603831501967364	Solo0t5rise	2178
5202	22	WangoTango	2017-05-14 02:22:51	"liam no @1027KIISFM

"			flavotinha	2171
4824	12	WangoTango	2017-05-14 00:41:44	"Hailee Steinfeld com o @JoJoWright.
 "			SummerBowden4	2159
4433	0	WANGOTANGO	2017-05-14 04:03:17	@adamlevine is so fucken hottttt 			KarinaJauregui	2150
3575	38	WangoTango	2017-05-13 22:53:35	On my way to @1027KIISFM . I'm presenting! Who's gonna be there?! üòÜüëåüèΩ			captain_smores	2140
470	166	WangoTango	2017-05-14 01:51:32	Camila is going on soon! We're live on Instagram (@901Music). Follow along there! | @iHeartRadio  	Camila		JhorellyM	2132
2244	0	Funnyanimal, funnyelephant, WangoTango, UFC211	2017-05-14 03:55:51	Clumsy Baby Elephant ,,, 		http://goo.gl/ZbZDJm	stephenblake451	2125
1482	0		2017-05-14 03:52:44	IM SCREAMING JOLENE IS SUCH AN ICONIC SONG 	JOLENE	https://twitter.com/iheartradio/status/863584972455555073	swirlkj	2123
1593	66	WangoTango	2017-05-14 02:42:16	Niall in justinstirling's Instagram story (May 13th)  	Instagram		93_irishboy	2120
5387	5		2017-05-14 01:28:38	Here's the video of Miley &amp; Noah singing Happy Birthday to @tishcyrus üéäüéÇ‚ù§Ô∏è 	Miley &amp; Noah		khelms1998	2109
4639	0	WangoTango	2017-05-14 04:04:07	"AHHHHH
CAUSE BABY TONIGHT WE'RE BEAUTIFUL NOWWW!!!!!  @Zedd"			SilviaCR48lm	2106
2278	15	WangoTango	2017-05-14 03:14:31	"Niall cantando This Town no  !!
 "			flavotinha	2079
422	152	WangoTango	2017-05-14 00:58:04	"VIDEO || Niall walking around at  today ! 

 "			LanaJPradipta	2071
1827	0	WangoTango	2017-05-14 03:54:08	"NIAM 
HARRY CANTANDO SC
HS1
LIAM SINGLE 
2017 SALVO
"	NIAMHARRY CANTANDO SCHS1LIAM SINGLE2017 SALVO		luanaborstnez	2067
452	78	WangoTango	2017-05-14 03:16:55	On The Loose via @chxudry.   			analuiza13792	2061
1680	330	WangoTango	2017-05-13 17:48:58	posted at  			TatiNuniez	2056
1999	9	WangoTango	2017-05-14 03:29:44	"Niall cantando Scared to be lonely en el  . -CT‚ô°

"			NEIDA_1D200	2023
20	815	WangoTango	2017-05-14 02:57:46	Queen @camila_cabello! ‚ù§Ô∏èüëë  	Queen		AlannnaDrummond	2021
2399	0	Amazing, funny, WangoTango, UFC211	2017-05-14 03:56:16	"Chris Pratt and Jimmy Fallon Sing ""Nonsense Karaoke"" ,,, "	Chris Pratt,Jimmy Fallon Sing,Nonsense Karaoke	http://goo.gl/WgQ2v6	neilfisher235	2019
4417	0	WangoTango, BeltandRoad	2017-05-14 04:03:13	" 

Keep moving."		http://ty.seanfollowers.ml/they	AlifaaSz80mpx	2018
55	116	WangoTango	2017-05-14 02:53:45	Backstage babes @MileyCyrus x @halsey üòçüî•üéâ   		http://ww.kiisfm.com/wangotango	iRespectMiley	1999
1831	0		2017-05-14 03:54:09	Is everything okay at home @katyperry? 		https://twitter.com/katysmyhabibi/status/863558209700847617	laurengosolo	1998
3736	0	WangoTango	2017-05-14 04:00:48	THEY INTERVIEWED LIAM I'M SO GLAD THAT I'M WATCHING üò≠üò≠üò≠  			lonelycurlshes	1988
3700	0	WangoTango	2017-05-14 04:00:39	Liam is so fine what on earth 	Liam		_JasonBrown21	1971
3509	0	UFC211, WangoTango, LaDivinaComida, MinhaM√£eSempreDiz	2017-05-14 04:00:02	World Trends:  | Portugal |  |  | | Free Unfollow Unfollowers | 	Portugal	http://Appunfollowers.com	appunfollowers	1968
4201	0	UFC211, SNLLiveCoastToCoast, zacbrownbandlive, SamuraiJack	2017-05-14 04:02:20	"Look Full Photo ini 






Bobby Ryan
Frankie "		http://www.revolutionhousemag.com, https://twitter.com/i/web/status/863605373562789889	JuliaSarah99	1956
154	540	WangoTango	2017-05-14 02:17:09	Who else wants a private serenade from @NiallOfficial?!!?? üôã 			aliensnaspceshp	1955
689	44	WangoTango, PREMIOSMTVMIAW, MTVINSTAGLCABELLO	2017-05-14 02:23:08	"Camila and @machinegunkelly performing on  (@iHeartRadio on Snapchat)

  "			garciacabello2	1935
1331	55	WangoTango	2017-05-14 00:53:32	Niall at  yellow carpet!! 			1DIndiaTour	1932
188	1178	WangoTango	2017-05-14 00:33:22	Gorgeous as always! Hi @Camila_Cabello üëãüèºüòò   		http://KIISFM.com/wangotango	saiiapichaya	1931
1802	2		2017-05-14 03:00:38	i LOVE how she sings this 		https://twitter.com/iHeartRadio/status/863584972455555073	dejavunarryy	1929
2235	0	wangotango, UPGRADE	2017-05-14 03:55:49	I want front row   @1027kiisfm			NexusSocialLA	1928
272	268	WangoTango	2017-05-14 02:23:47	Camila on @iHeartRadio's snapchat story  	Camila		LalYazareth	1927
2487	0	hamster, cutehamster, WangoTango, UFC211	2017-05-14 03:56:30	The Carrot is Always Mike‚Äôs Favorite ,,, 	Carrot	http://goo.gl/GZUm9V	LittleJonnySmit	1926
445	69	WangoTango	2017-05-14 03:13:25	"May 13th: Niall performing ""Slow Hands"" (via @chxudry) (2)  "			nece_tibbit007	1925
327	113	WangoTango	2017-05-14 02:22:53	Camila durante Bad Things no  (via @CabellosEffect) 	Camila		defensecabeIlo	1912
2233	154	WangoTango	2017-05-14 02:02:10	Camila durante Bad Things no  (via @TigerBeatNow no Snapchat) 	Camila		screammila	1906
120	396	WangoTango	2017-05-14 02:39:30	Camila on stage at .  	Camila		LalYazareth	1902
5402	0		2017-05-14 04:06:47	HE WAS SO NERVOUS THAT DAY, 		https://twitter.com/ZaynsServing/status/863579679047000068	baeLucz	1900
189	143	WangoTango	2017-05-14 02:42:00	Camila durante Bad Things no  (via @avaxcabello) 	Camila		defensecabeIlo	1896
2436	0	Funnycat, adorable, WangoTango, UFC211	2017-05-14 03:56:23	Dogs Annoying Cats with Their Friendship ,,, 	Cats	http://goo.gl/WKFe5G	sueskinner8591	1891
2288	136	WangoTango	2017-05-14 00:51:41	Katy's  performance just ended! Set list: Chained To The Rhythm, Teenage Dream, Firework, Dark Horse, E.T., Roar and Bon App√©tit.	Katy,Teenage Dream,Firework,Dark Horse,E.T.		heartedkaty	1886
1666	0		2017-05-14 03:53:28	im not emotional 		https://twitter.com/officialwith1d/status/863582144773451776	snugglyoongs	1885
3711	0	WangoTango	2017-05-14 04:00:41	CES 2016: Google's Project Tango phone dances with Lenovo for its first consumer outing   	Google,Project Tango,Lenovo	https://twitter.com/i/web/status/863604958788276224	scienceLeMagazi	1880
2418	0		2017-05-14 03:56:20	"So proud of this family.
"		https://twitter.com/kimpetersonholt/status/863600528319586304	crazyforholt	1878
93	2	WangoTango	2017-05-14 03:46:51	insensiblesüíî  			vodkalaurenss	1872
1487	0	WangoTango	2017-05-14 03:52:45	Show has been amazing but I only came to see @TanyaRad @1027KIISFM 			joorshao	1859
1308	3		2017-05-14 03:34:24	this whole look is so forced 		https://twitter.com/thepaynonews/status/863587277552988160	laurengirlxxv2	1854
467	0		2017-05-14 03:49:24	@PCamilaCabello Best performance? 		https://twitter.com/poppoils/status/863599037387333633	PopPoIls	1851
1885	55	WangoTango	2017-05-14 01:33:54	She might not need anyone else but we NEED you @HaileeSteinfeld!!!!!   		http://bit.ly/2pwi3Ul	onedire79089870	1848
1313	58	WangoTango, PREMIOSMTVMIAW, MTVINSTAGLCABELLO	2017-05-14 00:27:52	"Camila on @Chelsea_Briggs Instagram story. 

   "	Camila		garciacabello2	1847
981	109	WangoTango	2017-05-14 02:44:25	We Can't Stop!  			miam166	1836
2447	0	WangoTango	2017-05-14 03:56:25	ADAM LEVINE'S GUITAR SOLO JUST KILLED ME 	ADAM		megan_wolo	1834
5196	0	wangotango	2017-05-14 04:06:05	miley is the best idol you can have 			queengrimmiex	1831
378	44	WangoTango, PREMIOSMTVMIAW, MTVINSTAGLCABELLO	2017-05-14 01:58:38	"HQ | Camila no yellow carpet do  

  "			5hot5_4ever	1828
238	2	WangoTango	2017-05-14 03:36:20	A GODDESS @katyperry üíã  			perrygwza	1827
2255	0	Adorable, chameleon, WangoTango, UFC211	2017-05-14 03:55:52	Chameleon Loves to Pop Bubbles ,,, 	Pop Bubbles	http://goo.gl/xeyfQx	JaneJaneparr420	1826
5	49	WangoTango	2017-05-14 03:30:30	"Niall cantando ""On The Loose"" esta tarden en el ! (2) "	On The Loose		lours_1D	1813
1826	1	WangoTango	2017-05-14 03:36:05	"Niall en el backstage del  .-CT‚ô°

"			StylesCoxAura	1812
1511	12	WangoTango	2017-05-14 03:33:10	üì∏ | Niall autografando posters no backstage do  . 			1DinfiniteZayn	1810
2263	11	WangoTango	2017-05-14 03:32:26	Niall no backstage do  ontem - 13/05. 			TekaEstefani	1807
2330	0	cutebunny, adorablebunny, WangoTango, UFC211	2017-05-14 03:56:03	How good is this bunny at playing Jenga game will surprise you! ,,, 	Jenga	https://goo.gl/7D0TNn	rosehamilton291	1802
1777	6	WangoTango	2017-05-14 02:54:41	"Niall apresentando 'This Town' no . 
"			Californiabittc	1801
2318	0	getmarried, usingsiri, WangoTango, UFC211	2017-05-14 03:56:02	Using Siri To Get Married ,,, 		http://goo.gl/sxc64c	william36567291	1800
4235	0		2017-05-14 04:02:30	suicide 		https://twitter.com/EmojiMovie/status/863562740807344128	blockykidplays	1797
631	23	Malibu	2017-05-14 02:59:06	.@MileyCyrus takes us to ! ‚úåÔ∏è 			lastgodbye	1781
4096	2	WangoTango	2017-05-14 01:39:12	Miley backstage with fans.  	Miley backstage		chem_is_TRY__	1777
2372	4		2017-05-12 21:47:25	Tomorrow üôå 		https://twitter.com/maroon5/status/863140285278179328	kimnlarry	1772
388	12	WANGOTANGO	2017-05-13 20:06:35	".@aaroncarter just remixed ""I Want Candy"" &amp; we CANNOT DEAL üò´üò´üò´   "		http://KIISFM.com/wangotango	NJHLove93	1751
626	110	WangoTango	2017-05-14 02:50:50	Niall cantando This Town en el !!‚ù§ 			CamiHoran1D1	1738
3060	133	PHOTO, WangoTango	2017-05-14 01:50:57	 | @katyperry at  with her niece Stella and @Geli's daughter ‚ù§Ô∏è 	Stella		anggeign_	1733
2251	0	Funnyanimal, funnyelephant, WangoTango, UFC211	2017-05-14 03:55:52	Baby Elephant Bathing ,,, 		http://goo.gl/tlwvsE	jasmine15097885	1728
85	1		2017-05-14 02:08:26	this all looks like such a forced image by his label lmao 		https://twitter.com/1dinfoforfans/status/863574902820884480	macaronileoni	1727
1479	54	WangoTango	2017-05-14 03:01:12	Niall onstage at @1027KIISFM  today! 			1DIndiaTour	1720
319	36	WangoTango, PREMIOSMTVMIAW, MTVINSTAGLCABELLO	2017-05-14 02:00:07	"Camila no backstage do  

  "			5hot5_4ever	1715
551	0	WangoTango	2017-05-14 03:49:42	Pics of Miley performing  	Miley performing		MySmilerSide	1694
2281	0	Amazing, slowmotion, WangoTango, UFC211	2017-05-14 03:55:56	Giant Star Wars LEGO Super Star Destroyer Shattered in Slow Motion ,,, 		http://goo.gl/DDWjZr	annastewart6551	1693
1450	54	WangoTango	2017-05-14 02:52:58	Niall in courtneyjbarry's Instagram story (May 13th)  	Instagram		93_irishboy	1692
1906	118	WangoTango	2017-05-14 01:49:40	We are loving this powerful performance from @HaileeSteinfeld and @machinegunkelly  			onedire79089870	1684
3793	0	UFC211, WangoTango	2017-05-14 04:01:02	The fandom might as well be in the  right now with all the things the boys are throwing at us right now @LiamPayne  Niall			liamschocochips	1680
5107	0		2017-05-14 04:05:42	SUCH A BEBBEEEEE 		https://twitter.com/LJPayneUpdates/status/863605958660018176	niallassun	1674
4667	0	WangoTango	2017-05-14 04:04:15	OMG NIAM JUST MET!!! 			MurkOfficial	1673
3972	0	WangoTango	2017-05-14 04:01:35	Time to drop the bass, 'cause Zedd's performing next! 	Zedd		realwesleywess	1672
273	111	WangoTango	2017-05-14 02:31:28	üìπ | Liam watching Niall Horan perform at  	Liam,Niall Horan		perrieleharry	1671
4200	0		2017-05-14 04:02:20	that's hot 		https://twitter.com/901music/status/863604917042204672	lourrie	1669
1009	74	Malibu, WangoTango	2017-05-14 02:55:34	We LOVE  @MileyCyrus!   üéà		http://bit.ly/2r5lUHB	MCisexcellent	1668
953	175	WangoTango	2017-05-14 02:01:24	Camila and @machinegunkelly performing Bad Things tonight at   			8Raegan	1667
