ID,#ofRts,HashTags,TweetText,output,URL,User,Randomize
1673,0,UFC211,Masvidal just came out to the scarface theme ,Masvidal just came out to the scarface theme ,,DerekBurnz,ID
1821,0,UFC211, if Maia wins this...whats the excuse for not giving him the title shot?, if Maia wins this...whats the excuse for not giving him the title shot?,,Eduardo66297020,2161
99,0,UFC211,LETTTSSSS GOOOOOO  ,LETTTSSSS GOOOOOO  ,,brycetriathlete,2160
1312,0,UFC211,Rodriguez moves away from Jackson Wink and suddenly all the gameplanning is gone along with the good corner advice. ,Rodriguez moves away from Jackson Wink and suddenly all the gameplanning is gone along with the good corner advice. ,,TomTalksMMA,2154
928,0,UFC211,If that was in vegas would they have stopped the fight ??? no ,If that was in vegas would they have stopped the fight ??? no ,,MMAGAME1,2152
421,328,"Reebok, UFC",Once this tweet with my   sweatshirt hits 250 RT the contest will begin.  I will custom sign for winner!â€¦ ,Once this tweet with my   sweatshirt hits 250 RT the contest will begin.  I will custom sign for winner!â€¦ ,,ActionFanboy,2151
1749,0,UFC211,i wanted to root for Maia in this fight until i heard his entrance music. ,i wanted to root for Maia in this fight until i heard his entrance music. ,,danield6,2147
518,2,ufc211,Respect to @panteraufc and @FrankieEdgar both guys are great fighters. ,Respect to @panteraufc and @FrankieEdgar both guys are great fighters. ,,burrell315,2142
732,1,UFC211,Way to go @JamesVickMMA! ,Way to go @JamesVickMMA! ,,JamesVickMMA,2139
481,1,,And that fight right there is why I desperately wanted to see Frankie Edgar go against Conor McGregor. Would have been great ,And that fight right there is why I desperately wanted to see Frankie Edgar go against Conor McGregor. Would have been great ,,EdSmith313,2137
231,0,"UFC211, UFCDallas",Regardless. Maia is a legend in this sport as well. He has so much experience and has been in the UFC for over 10 years!!! ,Regardless. Maia is a legend in this sport as well. He has so much experience and has been in the UFC for over 10 years!!! ,,DylanBagwell,2132
994,0,UFC211,"There is a lot going on in Jorge Masvidal's head. 

I wouldn't want to meet him in a field full of police, never mind a dark alley. ","There is a lot going on in Jorge Masvidal's head. 

I wouldn't want to meet him in a field full of police, never mind a dark alley. ",,TomSunderland_,2131
168,0,,Just hope Maia wins so he deservedly gets his shot at the title... ,Just hope Maia wins so he deservedly gets his shot at the title... ,https://twitter.com/MMAFighting/status/863593876119994369,shannon_ae,2127
1549,0,UFC211,"Before tonight's  main event, take one last look at who fellow ufc fighters are picking in stipemiocicufcâ€¦ ","Before tonight's  main event, take one last look at who fellow ufc fighters are picking in stipemiocicufcâ€¦ ",https://twitter.com/i/web/status/863594165577187328,MMAHWatch,2126
2062,1,ufc211,I'm making my grandmother watch  and her reactions are hysterical.,I'm making my grandmother watch  and her reactions are hysterical.,,Sam_Ah_Yo_Ah,2118
631,0,UFC211,Masvidal v Maia up next. This is going to be a great fight &amp; contrast of styles. ,Masvidal v Maia up next. This is going to be a great fight &amp; contrast of styles. ,,MarioMelrockero,2115
2049,0,UFC211,"I got Maia, he even comes out to my favourite song from high school. ","I got Maia, he even comes out to my favourite song from high school. ",,TomTalksMMA,2114
888,0,UFC211,Maia going to Carlos Condit this one ,Maia going to Carlos Condit this one ,,rickadan,2113
734,10,UFC211,.@JamesVickMMA is calling out the UFC for a promotion after his dominating performance at .  ,.@JamesVickMMA is calling out the UFC for a promotion after his dominating performance at .  ,http://snpy.tv/2pKceyo,beard_of_glory,2111
1078,0,UFC211,Still coming out to Numb. Makes me want him to win every time nendndmdnd ,Still coming out to Numb. Makes me want him to win every time nendndmdnd ,,NickiDupre,2110
1034,0,UFC211,MMAFightingThatâ€™s a very probable 10-8 for Edgar. Rodriguez is busted the hell up. Damn. Ground and pound all day. ,MMAFightingThatâ€™s a very probable 10-8 for Edgar. Rodriguez is busted the hell up. Damn. Ground and pound all day. ,,MMAHWatch,2109
1352,0,UFC211,I'd love to see Jorge destroy Maia. ,I'd love to see Jorge destroy Maia. ,,SJD10304,2108
693,0,,Dak is big time ,Dak is big time ,https://twitter.com/ufc/status/863573881608589312,mandwnation,2106
687,0,UFC211,@GamebredFighter coming out to the Scarface song is applaud worthy. ,@GamebredFighter coming out to the Scarface song is applaud worthy. ,,_jordancamacho_,2102
1303,0,UFC211,Let's go Miah! ,Let's go Miah! ,,MehulBear,2098
203,0,UFC211,ğŸ’°ğŸ’° the Edgar fight put me way over the top but if I hit this next one hits ğŸ™ŒğŸ½ğŸ¤£ğŸ™ğŸ½ğŸ’°ğŸ’°ğŸ’°ğŸ‡§ğŸ‡· ,ğŸ’°ğŸ’° the Edgar fight put me way over the top but if I hit this next one hits ğŸ™ŒğŸ½ğŸ¤£ğŸ™ğŸ½ğŸ’°ğŸ’°ğŸ’°ğŸ‡§ğŸ‡· ,,PushinWeight,2097
582,0,UFC211,And Maia is coming out to linkin park lol. Maia already lost this fight ,And Maia is coming out to linkin park lol. Maia already lost this fight ,,destroytyler,2096
1049,0,UFC211,Masvidal to do to Maia what Whittaker did to jacare? ğŸ¤”,Masvidal to do to Maia what Whittaker did to jacare? ğŸ¤”,,Rickyaddison95,2095
861,0,UFC211,"@GamebredFighter v @demianmaia
Maybe the fight I am most looking forward to at
 ","@GamebredFighter v @demianmaia
Maybe the fight I am most looking forward to at
 ",,Kai_Squared,2094
590,0,UFC211,Reminder than Demian Maia has absorbed just 13 significant strikes over his past four fights combined. Unprecedented. ,Reminder than Demian Maia has absorbed just 13 significant strikes over his past four fights combined. Unprecedented. ,,MikeBohnMMA,2092
346,0,UFC211,Oh my.  (@allelbows) ,Oh my.  (@allelbows) ,,MMAFighting,2089
124,0,UFC211,Masivdal is one mean son of a b*tch. ,Masivdal is one mean son of a b*tch. ,,TFrenchOnline,2087
1170,0,UFC211,I think that @GamebredFighter takes this. This will be a striking affair. ,I think that @GamebredFighter takes this. This will be a striking affair. ,,TheMMAMatthew,2086
1178,274,UFC211,RT if @joannamma defends again at  tonight! ğŸ† ,RT if @joannamma defends again at  tonight! ğŸ† ,,8Britt9,2080
1859,0,UFC211,Brazil just discovered Linkin Park ğŸ¤”,Brazil just discovered Linkin Park ğŸ¤”,,Bobby_Beats,2079
330,0,"UFC211, JerseyStrong",Frankie is handling that BUSINESS  ,Frankie is handling that BUSINESS  ,,414Remy,2077
43,0,UFC211,"@BrendanSchaub Got the same,surely a title shot for whoever wins this ","@BrendanSchaub Got the same,surely a title shot for whoever wins this ",,RyanBoulton1998,2075
1522,16,UFC211,Edgar raining down punches from top position with 30 seconds left in the first round ,Edgar raining down punches from top position with 30 seconds left in the first round ,,MrAmazingAustin,2071
1019,0,UFC211,MMAFightingWhatâ€™s that noise? ,MMAFightingWhatâ€™s that noise? ,,MMAHWatch,2069
1387,0,"Levels, UFC211, UFC, MMA",@FrankieEdgar literally mopped the mat with @panteraufc for two rounds!    ,@FrankieEdgar literally mopped the mat with @panteraufc for two rounds!    ,,ram_ilan,2068
696,0,"ufc211, ufcdallas",@julesk_fighter loving this @demianmaia walkout music  ,@julesk_fighter loving this @demianmaia walkout music  ,,thomasjw,2066
1211,0,"ufc211, jorgemasvidal, fighter, ufc, bjj, mma, nyc, happygirl",Hope he wins tonight!         @ Lowerâ€¦ ,Hope he wins tonight!         @ Lowerâ€¦ ,https://www.instagram.com/p/BUDrOoxlnEs/,free_bunny86,2065
1891,0,UFC211,Can't believe we still got three scraps left. Two of them are title fights. Holy cow! What a night!!!  has delivered.,Can't believe we still got three scraps left. Two of them are title fights. Holy cow! What a night!!!  has delivered.,,MMAjunkieGeorge,2064
952,5,UFC211," results: Frankie Edgar def. Yair Rodriguez via TKO (doctor stoppage) - Round 2, 5:00 â€¦ "," results: Frankie Edgar def. Yair Rodriguez via TKO (doctor stoppage) - Round 2, 5:00 â€¦ ",,MariLovesMakeup,2062
576,0,,Dammmmmmmmme ,Dammmmmmmmme ,https://twitter.com/MMAFighting/status/863594252378316800,A7medBenyousef,2060
1206,0,UFC211,Come on Maia!!! Please don't pull off a Jacare Souza. ,Come on Maia!!! Please don't pull off a Jacare Souza. ,,TabsterOPuppets,2052
1219,0,UFC211,@demianmaia here we go! ,@demianmaia here we go! ,,jtbsoon2b,2050
1591,0,"UFC211, zacbrownbandlive",Kendrick Lamar Damn! Bev Hills Cops Love Me    Bobby Ryan... ,Kendrick Lamar Damn! Bev Hills Cops Love Me    Bobby Ryan... ,"http://oscrape.com/p/208297, http://fb.me/2ZUjxzWc2",iam_dapeter,2049
1471,0,UFC211,Let's go Maia! I want to watch Masvidal tap ,Let's go Maia! I want to watch Masvidal tap ,,riju_nayak,2046
1318,0,UFC211,I expect a great display of BJJ by Maia ,I expect a great display of BJJ by Maia ,,CityHunterKai,2045
1331,0,UFC211,Yair Rodriguez left eye swollen shut from Frankie Edgar's punishing strikes via elbows and jabs. ,Yair Rodriguez left eye swollen shut from Frankie Edgar's punishing strikes via elbows and jabs. ,,combatesmundial,2042
247,0,UFC211,Hope Maia wins but I can see a Masvidal KO hope I'm wrong ,Hope Maia wins but I can see a Masvidal KO hope I'm wrong ,,LomaIsGOAT,2040
323,24,UFC211,"This dude Jason Knight proves to be must see TV yet again. Seeks the finish non stop. ""Mississippi Mean"" indeed. ","This dude Jason Knight proves to be must see TV yet again. Seeks the finish non stop. ""Mississippi Mean"" indeed. ",,lpkbookit,2039
2118,0,ufc211,Bruce Buffer looking like the plug in the 80s with that blazer ,Bruce Buffer looking like the plug in the 80s with that blazer ,,theckmjgroup,2036
520,59,,Yair will be the champ one day. Out of ALL the 45ers in the world Frankie is his worst match up. Mishandling of a lâ€¦ ,Yair will be the champ one day. Out of ALL the 45ers in the world Frankie is his worst match up. Mishandling of a lâ€¦ ,,ratchetm0ran,2031
1157,24,ufc211,Seeing Alvarez survive that exchange really puts @TheNotoriousMMA left hand into perspective. ,Seeing Alvarez survive that exchange really puts @TheNotoriousMMA left hand into perspective. ,,EJBarr3,2027
1041,0,UFC211,MMAFightingEdgar 10-9 in the second and 20-17 overall. Heâ€™s schooling the young buck right now. ,MMAFightingEdgar 10-9 in the second and 20-17 overall. Heâ€™s schooling the young buck right now. ,,MMAHWatch,2026
1679,0,UFC211,"Fan Poll results as of writing this:
Maia - 68%
Masvidal - 32%
","Fan Poll results as of writing this:
Maia - 68%
Masvidal - 32%
",,ChokeHoldMMA,2021
194,81,UFC211,And that's it! The fight has been stopped by ringside doctors. Frankie Edgar gets another big win ,And that's it! The fight has been stopped by ringside doctors. Frankie Edgar gets another big win ,,EAsXe,2017
1431,0,"frankieedgar, UFC211",My God Rodriguez eye.... Ouch  ,My God Rodriguez eye.... Ouch  ,,michellensteve,2014
1247,0,UFC211,This fight is basically UFC trying to put a hit out on Maia ,This fight is basically UFC trying to put a hit out on Maia ,,McJustTweeted,2013
901,0,"UFC211, UFC, MMA",Maia has single leg of doom. Only been hit 14 times in last FOUR fights. Masvidal has nearly 80% takedown defense.   ,Maia has single leg of doom. Only been hit 14 times in last FOUR fights. Masvidal has nearly 80% takedown defense.   ,,AcostaIsLegend,2011
755,0,UFC211," @ufc if @GamebredFighter gets taken down its over until itz standing the fight is on but he will be taken down 
@BloodyElbow"," @ufc if @GamebredFighter gets taken down its over until itz standing the fight is on but he will be taken down 
@BloodyElbow",,anand316,2009
866,139,UFC211,"Great card for @ufc  I'm going with Stipe, JJ, Maia, Edgar, Eddie - who you got? Gonna try stay up for thisâ€¦ ","Great card for @ufc  I'm going with Stipe, JJ, Maia, Edgar, Eddie - who you got? Gonna try stay up for thisâ€¦ ",,rynstien,2007
290,0,UFC211,Come on Maia. Let's put a stop to this clowns run. ,Come on Maia. Let's put a stop to this clowns run. ,,TurboTwist986,2004
541,0,UFC211,"Maia all day, every day!  ","Maia all day, every day!  ",https://twitter.com/mmafighting/status/863593876119994369,Other_Girl,2000
1003,0,UFC211,Masvidal came out to the theme from Scarface?! Ok that's quite legendary to be fair ğŸ˜‚ğŸ‘ğŸ» ,Masvidal came out to the theme from Scarface?! Ok that's quite legendary to be fair ğŸ˜‚ğŸ‘ğŸ» ,,JDaBuddah,1998
1690,0,"UFC211, QandA","So, @demianmaia has the 2nd most submission victories in UFC history. Who has the first?

","So, @demianmaia has the 2nd most submission victories in UFC history. Who has the first?

",,UFC_AUSNZ,1997
1845,0,UFC211,Masvidal coming out to the scarface theme song ğŸ”¥ ,Masvidal coming out to the scarface theme song ğŸ”¥ ,,Jon_Jitsu71,1996
517,0,"UFC211, BestCardOfTheYear","THIS. CARD. IS. ğŸ”¥ğŸ”¥ğŸ”¥ğŸ”¥ğŸ”¥ğŸ”¥ğŸ”¥

 ","THIS. CARD. IS. ğŸ”¥ğŸ”¥ğŸ”¥ğŸ”¥ğŸ”¥ğŸ”¥ğŸ”¥

 ",,eTHEgoddess,1995
964,0,ufc211,Have I ever mentioned I love Daniel Cormier? Great talent and heart. Great champion. Awesome commentator! @dc_mma @ufc ,Have I ever mentioned I love Daniel Cormier? Great talent and heart. Great champion. Awesome commentator! @dc_mma @ufc ,,Llana,1993
1882,0,,My god this is horrific! ğŸ˜‚ğŸ˜‚ğŸ˜‚ I LOVE it! ,My god this is horrific! ğŸ˜‚ğŸ˜‚ğŸ˜‚ I LOVE it! ,https://twitter.com/999wwenetwork/status/863594202445344768,themarkysmark,1991
1777,0,UFC211,Maia going to choke him unconscious ,Maia going to choke him unconscious ,,BobJohn52762159,1990
1548,0,UFC211,"...and Maia with such a classic walk out song, such a legend! ","...and Maia with such a classic walk out song, such a legend! ",,GordieMcGuire89,1989
1375,0,"UFC211, BJJelite",@demianmaia come on champ! Win this and no one can deny you the title shot anymore!  ,@demianmaia come on champ! Win this and no one can deny you the title shot anymore!  ,,RedStarRony,1988
1381,0,"UFC211, UFCDallas",I still think @GamebredFighter &amp; @sergiopettis  are the same person lol   @MMALatestNws @TommyToeHold @MMAFighting ,I still think @GamebredFighter &amp; @sergiopettis  are the same person lol   @MMALatestNws @TommyToeHold @MMAFighting ,https://twitter.com/i/web/status/863594693996818432,cminer74,1986
173,0,"EasyMoney, ufc211, TopTeamTakeover",Let's go @GamebredFighter!!!    ,Let's go @GamebredFighter!!!    ,,AmericanTopTeam,1981
1617,0,UFC211,I'm super confident in Maia here. Which means Masvidal is about to mess him up. ,I'm super confident in Maia here. Which means Masvidal is about to mess him up. ,,ThatBryceMartin,1976
357,0,UFC211,2-0 for ! Let's go mia for my 3-0!,2-0 for ! Let's go mia for my 3-0!,,DatBoiFlexJr,1975
339,15,"UFC, UFC211",Matchmaker Joe Silva will be inducted into the  HOF this July. Well deserved for sure! ,Matchmaker Joe Silva will be inducted into the  HOF this July. Well deserved for sure! ,,BeardedMMA,1974
1582,35,"ufc211, camelliasolanabeach","Headed to @rivolis to watch  
I'm super grateful to have been styled by  for this speciaâ€¦ ","Headed to @rivolis to watch  
I'm super grateful to have been styled by  for this speciaâ€¦ ",,Tempted_2_love,1973
109,0,ufc211,it's quase time ,it's quase time ,,bull_etproof,1971
1360,0,UFC211,"What would your walk-in choon be, guys? ","What would your walk-in choon be, guys? ",,_RayneScar,1969
159,108,"Eurovision, UFC211, WhitePeople, CNNsotu, JudgeJeanine","Remember when CNN colluded with HRC and the DNC? I do.

     ","Remember when CNN colluded with HRC and the DNC? I do.

     ",,caesarman2012,1968
595,0,,ğŸ¤”ğŸ¤”ğŸ¤”.....hard choice ,ğŸ¤”ğŸ¤”ğŸ¤”.....hard choice ,https://twitter.com/danawhite/status/863594054298324992,PegasusRush,1967
694,0,UFC211,Maia coming out to Linkin Park's - Numb ,Maia coming out to Linkin Park's - Numb ,,TheUFCUpdates,1966
1371,0,UFC211, what's really funny @dc_mma was how mad Fitch was that someone took him down and held him down, what's really funny @dc_mma was how mad Fitch was that someone took him down and held him down,,GriiffinNoel,1965
1655,0,,These NUGGETS! ,These NUGGETS! ,https://twitter.com/ufc/status/863573881608589312,jacie_me_rollin,1964
667,0,UFC211,LETS GO MAIA! ,LETS GO MAIA! ,,ggooglyboogly,1958
1885,0,ufc211,Welp. I was cheering for Maia tonight. Then he had to walk out to Linkin Park. Yeah I don't know if I can do that now ,Welp. I was cheering for Maia tonight. Then he had to walk out to Linkin Park. Yeah I don't know if I can do that now ,,MrIzdik,1957
216,0,UFC211,This is going to be some fight!! ,This is going to be some fight!! ,,RossKiely95,1946
376,3,UFC211,I love that Masvidal doesn't even try to play to the cameras when shadowboxing ,I love that Masvidal doesn't even try to play to the cameras when shadowboxing ,,gizzmo11477,1940
1486,0,UFC211,"Now that I've talked shit to @eugeneSrobinson, @GamebredFighter has a jinx working in his favor.  ","Now that I've talked shit to @eugeneSrobinson, @GamebredFighter has a jinx working in his favor.  ",https://twitter.com/fight_whisperer/status/863593998564421632,Fight_Whisperer,1939
1434,0,ufc211,@FrankieEdgar is one impressive fighter ,@FrankieEdgar is one impressive fighter ,,TSDpod,1938
1663,0,UFC211,"@GamebredFighter wins the battle of walk out music. 
","@GamebredFighter wins the battle of walk out music. 
",,JerseyChi,1933
1142,0,"ThrowBack, UFC211",Props to Maia for walking out to Numb  ,Props to Maia for walking out to Numb  ,,teddyboivin,1932
289,26,UFC211,Crowd reaction says it all  ,Crowd reaction says it all  ,,theysaymateo,1931
2042,0,UFC211,@FrankieEdgar will always be the fan's favorite.  Dude is a beast. He's humble.  And always brings it! ,@FrankieEdgar will always be the fan's favorite.  Dude is a beast. He's humble.  And always brings it! ,,theyoungjoo,1929
674,0,UFC211,Masvidal coming out to the Scarface theme. Aaaahahahaha ,Masvidal coming out to the Scarface theme. Aaaahahahaha ,,HishDev,1924
1259,0,UFC211,I pick Masvidal to win big here because Maia has Numb as his walkout song. ,I pick Masvidal to win big here because Maia has Numb as his walkout song. ,,_SeanDonnelly,1923
1313,0,"UFC211, SignTheFeatherweights",@MeganA_mma I'm a huge Maia fan but I'm nervous for sure.   ,@MeganA_mma I'm a huge Maia fan but I'm nervous for sure.   ,,TheShaneRussell,1922
561,0,"UFC211, UFC, MMA",UFC hates Maia so much they make him walk out to Linkin Park.   ,UFC hates Maia so much they make him walk out to Linkin Park.   ,,AcostaIsLegend,1921
1073,0,,I like both of these guys. I'll be sad no matter who wins. I'm leaning Maia tho. ,I like both of these guys. I'll be sad no matter who wins. I'm leaning Maia tho. ,https://twitter.com/BloodyElbow/status/863592355923767297,ProfessorBLove,1918
646,0,,Fuck sake man!!! ğŸ˜·ğŸ˜³ ,Fuck sake man!!! ğŸ˜·ğŸ˜³ ,https://twitter.com/MMAFighting/status/863594252378316800,S_Shady7,1917
856,0,UFC211,Masvidal walking out to the Scarface theme music ,Masvidal walking out to the Scarface theme music ,,evil_ecco,1915
13,0,UFC211, Post Fight Interview with @DavidcBranchMMA , Post Fight Interview with @DavidcBranchMMA ,https://www.youtube.com/watch?v=jHu9mP0LvZU,TheTruthJackson,1913
971,0,"UFC211, UFCfi",Oh yes. Let's do diiiiiiz @demianmaia !  ,Oh yes. Let's do diiiiiiz @demianmaia !  ,,LarsLapamato,1910
2096,0,UFC211,The timeline goes to shit when no sports are on....I'm watching  though ğŸ‘ğŸ‘Š,The timeline goes to shit when no sports are on....I'm watching  though ğŸ‘ğŸ‘Š,,500KFlea,1908
870,0,UFC211,Dunno why but Demian Maia coming out to Linking Park is hilarious ,Dunno why but Demian Maia coming out to Linking Park is hilarious ,,riju_nayak,1904
1336,0,UFC211,@ufc I didn't go to the beach with my fam bc i was hoping Yair would win the fight ğŸ˜« ,@ufc I didn't go to the beach with my fam bc i was hoping Yair would win the fight ğŸ˜« ,,MachineGunJofee,1902
128,0,"maia, ufc211",Rooting for  ,Rooting for  ,,pcassidy_UK,1901
1940,0,UFC211,There may be no fighter on the UFC roster I'm more unabashedly rooting for than Demian Maia. ,There may be no fighter on the UFC roster I'm more unabashedly rooting for than Demian Maia. ,,JesseScheckner,1900
511,0,,Crap... ,Crap... ,https://twitter.com/MMAFighting/status/863594252378316800,marc_raimondi,1898
1993,0,UFC211,ğŸ˜³  @FrankieEdgar congrats! ,ğŸ˜³  @FrankieEdgar congrats! ,https://twitter.com/mmafighting/status/863594252378316800,byyeoside,1895
1726,0,UFC211,"CONGRATS JOE SILVA on the Hall of Fame @ufc
 ","CONGRATS JOE SILVA on the Hall of Fame @ufc
 ",,islandmobosp,1891
1489,0,UFC211,Edgar just messed him up  ,Edgar just messed him up  ,https://twitter.com/Cagesidepress/status/863594553952976896,JayAndersonMMA,1885
536,0,,Maia finna lose ,Maia finna lose ,https://twitter.com/ufc/status/863593847410110466,MrDibsGotScampi,1883
1390,0,UFC211,"Maia is awesome, but walking out to Numb by Linkin Park is not. ","Maia is awesome, but walking out to Numb by Linkin Park is not. ",,Super_EWilliams,1882
1257,0,UFC211,It's a joy to watch Maia. The epitome of a martial arts master. ,It's a joy to watch Maia. The epitome of a martial arts master. ,,AckerooBanzai,1881
2050,0,"DosSantos, Miocic, UFC211, boxing",Wow TV  UFC 211 Live   Stream Edgar vs.  Rodriguez      Get Your Link  ,Wow TV  UFC 211 Live   Stream Edgar vs.  Rodriguez      Get Your Link  ,http://bit.ly/2rctMnc,muktanpi,1879
1732,0,ufc211,"Gatekeeper doin his thing, that eye though ","Gatekeeper doin his thing, that eye though ",,Del_Thinks,1878
545,2,uFC211,The fight the UFC never wanted was Frankie vs McGregor.. it would have been interesting to see. ,The fight the UFC never wanted was Frankie vs McGregor.. it would have been interesting to see. ,,SchooiWood,1877
1682,0,"Masvidal, UFC211",@danawhite bout to be $200K richer if  loses tonight? ,@danawhite bout to be $200K richer if  loses tonight? ,,FightClipFilms,1876
1152,0,UFC211,God damn this is a good card. ,God damn this is a good card. ,,bradnewsbear,1875
1964,1,,DC is awesome! ,DC is awesome! ,https://twitter.com/pwpnation/status/863586800153100290,PWPNation,1871
1335,0,UFC211, results: @FrankieEdgar stops Yair Rodriguez via TKO at (5:00) of Rd 2. (doctor stoppage end of Rd 2/Yair eye swollen shut), results: @FrankieEdgar stops Yair Rodriguez via TKO at (5:00) of Rd 2. (doctor stoppage end of Rd 2/Yair eye swollen shut),,combatesmundial,1870
1509,3,ufc211,That's bullshit it shouldn't be a NC he should have got DQ ,That's bullshit it shouldn't be a NC he should have got DQ ,,CodyS777,1866
584,0,UFC211,Sucks to see Yair lose like that. Edgar is just too dominant. Now let's go Masvidal !! ,Sucks to see Yair lose like that. Edgar is just too dominant. Now let's go Masvidal !! ,,MisreadPoet,1865
261,1,ufc211,"I'm giving you $5 off each of your first 4 Uber rides. To accept, use code 'jesusn919ue' to sign up.  ","I'm giving you $5 off each of your first 4 Uber rides. To accept, use code 'jesusn919ue' to sign up.  ",,mrspdipset866,1863
942,0,UFC211,Can we please get this guy a title shot @demianmaia ,Can we please get this guy a title shot @demianmaia ,,TeamEganMMA,1862
21,29,UFC211,How do you deal with Yair's style? Frankie Edgar had The Answer ,How do you deal with Yair's style? Frankie Edgar had The Answer ,,GBilefete,1861
1578,0,UFC211,I feel like Maia didn't respond to the email requesting walkout songs and got stuck with Linkin Park. ,I feel like Maia didn't respond to the email requesting walkout songs and got stuck with Linkin Park. ,,BenjaminAbrigo,1860
477,1,,"Us handicappers shy away from nepotism and cronyism, @eugeneSrobinson. ","Us handicappers shy away from nepotism and cronyism, @eugeneSrobinson. ",https://twitter.com/fight_whisperer/status/863593507050729472,eugeneSrobinson,1859
187,1,UFC211,Now I wanna watch Scarface. ,Now I wanna watch Scarface. ,,mancillas_jose,1857
1574,0,UFC211,"ğŸ GOAT QUOTE ğŸ

@FrankieEdgar |  ","ğŸ GOAT QUOTE ğŸ

@FrankieEdgar |  ",,ufc,1856
170,0,UFC211,"Before tonight's  main event, take one last look at who fellow @ufc fighters are picking in @stipemiocicufc vs. @junior_cigano. ","Before tonight's  main event, take one last look at who fellow @ufc fighters are picking in @stipemiocicufc vs. @junior_cigano. ",https://twitter.com/i/web/status/863594165577187328,MMAjunkie,1851
1871,0,"IamwithFrankie, UFC211","Let's go Frankie!!!! Knock this kid out!
 ","Let's go Frankie!!!! Knock this kid out!
 ",,RowdyTomCat,1848
1800,1,UFC211,"Terrific fight here. Yair has championship potential, but is he ready to beat someone like Frankie Edgar? ","Terrific fight here. Yair has championship potential, but is he ready to beat someone like Frankie Edgar? ",,RaCuevas,1847
1713,0,UFC211,@demianmaia coming out to a LP Song when @LIKINPARK_ was actually good. ,@demianmaia coming out to a LP Song when @LIKINPARK_ was actually good. ,,GarryISRad,1846
1561,0,UFC211,@FrankieEdgar is a real life rocky balboa and an absolute legend ,@FrankieEdgar is a real life rocky balboa and an absolute legend ,,TDeathstar,1845
989,0,UFC211,Maia coming out to Linkin Narc? Ruh roh! ,Maia coming out to Linkin Narc? Ruh roh! ,,theeffect1500,1844
142,1,ufc211,Let's get this Frankie ,Let's get this Frankie ,,CharlieGruver1,1841
1351,0,ufc211,Demian maia walking out to Linkin park!!! ,Demian maia walking out to Linkin park!!! ,,nickcox42,1839
1677,0,UFC211,"Demian Maia vs. Jorge ""Gamebred"" Masvidal is going to be SO interesting! I honestly don't know how this fight will end! Let's see! ","Demian Maia vs. Jorge ""Gamebred"" Masvidal is going to be SO interesting! I honestly don't know how this fight will end! Let's see! ",,SexyJairBear,1837
1056,0,UFC211,"MMAFightingThe fight is over. Edgar by TKO, doctorâ€™s stoppage. ","MMAFightingThe fight is over. Edgar by TKO, doctorâ€™s stoppage. ",,MMAHWatch,1835
550,1,,"No contest or not, lets hope those two get something from @ufc for that performance. Great fight while it lasted. ","No contest or not, lets hope those two get something from @ufc for that performance. Great fight while it lasted. ",,anttopquality,1827
138,32,UFC211,We see you @ALIAQUINTA ğŸ˜‚  ,We see you @ALIAQUINTA ğŸ˜‚  ,,Black_Lee13,1826
416,2,UFC211,Lol Frankie destroying him atm ,Lol Frankie destroying him atm ,,FashionHitList,1824
1076,0,UFC211,"Cool that matchmaker Joe Silva will be inducted into the UFC Hall of Fame. That's a tough job, pulled 100 different ways daily. ","Cool that matchmaker Joe Silva will be inducted into the UFC Hall of Fame. That's a tough job, pulled 100 different ways daily. ",,ArdaOcalTV,1821
1373,0,UFC211,Demian Maia is so enjoyable to watch ,Demian Maia is so enjoyable to watch ,,Jumanator,1815
66,0,UFC211,Damn. Yair didnt stand a chance. ,Damn. Yair didnt stand a chance. ,,Eliseo951,1812
1824,0,UFC211,Total mauling  Edgar schooled the young buck I think Maia bout to do the same ting .!,Total mauling  Edgar schooled the young buck I think Maia bout to do the same ting .!,,shockusmaximus,1811
404,0,UFC211,I got Maia right here. But the Scarface music is definitely a cool touch from Masvidal. ,I got Maia right here. But the Scarface music is definitely a cool touch from Masvidal. ,,TheJakeMitchell,1809
630,0,UFC211,"Ugh, DC's voice and personality annoys me. hope Jones destroys him in their rematch ","Ugh, DC's voice and personality annoys me. hope Jones destroys him in their rematch ",,DrunkRufie,1808
1681,0,UFC211,Ballsy move for Maia taking this fight. Says a lot for his confidence. ,Ballsy move for Maia taking this fight. Says a lot for his confidence. ,,OctagonPost,1806
1290,0,UFC211,Yair Rodriguez after 15minutes   ,Yair Rodriguez after 15minutes   ,,BronsonMMA,1805
1521,2,UFC211,OMFG!!! WHAT A FIGHT!!! Chase Sherman vs Rashad Coulter !!! ,OMFG!!! WHAT A FIGHT!!! Chase Sherman vs Rashad Coulter !!! ,,TheEnforcerJG,1800
1062,0,UFC211,Let's go Maia! ğŸ‡§ğŸ‡· ,Let's go Maia! ğŸ‡§ğŸ‡· ,,GordieMcGuire89,1799
1328,0,ufc211,Nice cold brewskis  and combat sports. I am in my happy place .,Nice cold brewskis  and combat sports. I am in my happy place .,,alstover,1797
1198,0,ufc211,"Ok, Joe-Jitsu, we know Maia is great at BJJ, just relax. ","Ok, Joe-Jitsu, we know Maia is great at BJJ, just relax. ",,billthebutcher2,1796
492,0,UFC211,"@GamebredFighter is the epitome of the overused term ""gangster""  ","@GamebredFighter is the epitome of the overused term ""gangster""  ",,laura_sanko,1795
1975,0,UFC211, Whats up with the screaming lady in the audience? Plz shut her up!, Whats up with the screaming lady in the audience? Plz shut her up!,,breezey2399,1790
1466,0,UFC211,Linkin Park? Linkin Park. And the OLD Linkin Park. ,Linkin Park? Linkin Park. And the OLD Linkin Park. ,,johnmichaelsaid,1789
612,0,UFC211,Did Dana take that 200k bet...? ,Did Dana take that 200k bet...? ,,liteshots,1788
780,0,UFC211,I'm taking @GamebredFighter just a beast of a fighter always has been ,I'm taking @GamebredFighter just a beast of a fighter always has been ,,MMA_KIN,1785
892,0,UFC211,"He's walking out to Linkin Park ğŸ˜³ğŸ˜‚
","He's walking out to Linkin Park ğŸ˜³ğŸ˜‚
",,_AIZENBERG_,1777
131,1,UFC211,Wow! @FrankieEdgar just taught a ground and pound clinic to the talented @panteraufc! @ufc  ,Wow! @FrankieEdgar just taught a ground and pound clinic to the talented @panteraufc! @ufc  ,,RealFunnyMMA,1774
277,0,UFC211,I got Maia winning this ,I got Maia winning this ,,2reel4you,1773
1472,0,ufc211,Sooo up in the air with this one! Great fight! Going with masvidal though ,Sooo up in the air with this one! Great fight! Going with masvidal though ,,kcpko,1771
94,266,UFC211,Huge shots by @FrankieEdgar land on Yair!  ,Huge shots by @FrankieEdgar land on Yair!  ,,JFCarterIII28,1770
962,0,UFC211,The cut man screwed over Yair Rodriquez in between rounds  cmon refs and cut men DO. YOUR. JOB! ,The cut man screwed over Yair Rodriquez in between rounds  cmon refs and cut men DO. YOUR. JOB! ,,DeionTrueToATL,1769
6,256,UFC211,"Pure domination!

@FrankieEdgar reminds us that he's a straight BEAST!!  ","Pure domination!

@FrankieEdgar reminds us that he's a straight BEAST!!  ",,CoachJankos,1767
1322,0,,Love @FrankieEdgar I want to see that title around his waist again! ,Love @FrankieEdgar I want to see that title around his waist again! ,https://twitter.com/ufc/status/863593127210352640,OneOnly368,1758
1479,0,UFC211,is that fucking linkin park Meia?! ,is that fucking linkin park Meia?! ,,DojoMaul,1756
801,1,UFC211,Exactly my thoughts  ,Exactly my thoughts  ,https://twitter.com/thomasjw/status/863590834112872449,thomasjw,1754
560,0,UFC211,Let's go Maia ! ,Let's go Maia ! ,,DejaHill97,1753
1973,1,,CNN exemplifies the empty calories of infotainment with meaningless noise signifying nothing but the dmise of stateâ€¦ ,CNN exemplifies the empty calories of infotainment with meaningless noise signifying nothing but the dmise of stateâ€¦ ,,DoreeeV,1752
414,0,Dominant,RT Dmoceanu: ğŸ‘ŠğŸ» Always fights with his heart!   ,RT Dmoceanu: ğŸ‘ŠğŸ» Always fights with his heart!   ,"https://twitter.com/ufc/status/863591471320059909, http://cur.lv/15582f",GetPaidinBlood,1749
1847,0,UFC211,"When one fighter enters to the song from ""Scarface"" and the other enters to  ""Numb"". Tells you the mindset of the fighters ","When one fighter enters to the song from ""Scarface"" and the other enters to  ""Numb"". Tells you the mindset of the fighters ",,TonyAbah01,1747
1016,0,UFC211,Let's go @demianmaia  ,Let's go @demianmaia  ,,wehaveagronk,1745
1788,0,UFC211,Let's go @demianmaia! ,Let's go @demianmaia! ,,AjOsterkamp,1744
721,0,"ufc211, ufc212",Holloway vs Aldo is going to be a 5-round war ending in a close decision. Anything else would be shocking imo  ,Holloway vs Aldo is going to be a 5-round war ending in a close decision. Anything else would be shocking imo  ,,JonBon_Joey,1743
1370,0,,I feel like it's because he thinks the lyrics are about choking someone. ,I feel like it's because he thinks the lyrics are about choking someone. ,https://twitter.com/EliasTheodorou/status/863594496042442753,TonyThumbPoke,1742
1639,0,UFC211,Maia vs. Masvidal giving me goosebumps.  ,Maia vs. Masvidal giving me goosebumps.  ,http://www.mmaplus.co.uk/round-up/ufc/ufc-211-live-blog-miocic-vs-dos-santos/,andremgeorgiou,1740
1441,0,"UFC211, TheAnswer, saturdaynight, NewYork, RealDeal, livinglegend",@FrankieEdgar beat up @panteraufc like hes bestfriends with @bjpenndotcom      ,@FrankieEdgar beat up @panteraufc like hes bestfriends with @bjpenndotcom      ,,SBTheCritic,1735
601,0,UFC211,Masvidal just oozes confidence ,Masvidal just oozes confidence ,,RealCJHanratty,1733
1922,14,UFC211,"ğŸ‡­ğŸ‡·ğŸ‡ºğŸ‡¸ @stipemiocicufc
ğŸ† Heavyweight Champ
ğŸ‘Š 
ğŸ“† Tonight! ","ğŸ‡­ğŸ‡·ğŸ‡ºğŸ‡¸ @stipemiocicufc
ğŸ† Heavyweight Champ
ğŸ‘Š 
ğŸ“† Tonight! ",,_LeoLeoLeoLeo_,1732
4,0,UFC211, that sucks that the fight didn't go all three rounds but Frankie Edgar got their Victory and that's good enough I guess but oh well, that sucks that the fight didn't go all three rounds but Frankie Edgar got their Victory and that's good enough I guess but oh well,,chris_drop,1729
333,0,UFC211, RT @TommyToeHold: Masvidal coming out to the Scarface music is one of my all time favorite entrances. It's perfect. , RT @TommyToeHold: Masvidal coming out to the Scarface music is one of my all time favorite entrances. It's perfect. ,,FredoWin,1727
135,0,UFC211,  Masvidal got me convinced with that music.,  Masvidal got me convinced with that music.,,Pete_Hero,1726
191,1,UFC211,"I got Masvidal, but don't feel confident at all about it. Maia is such a beast. Here's my breakdown 
","I got Masvidal, but don't feel confident at all about it. Maia is such a beast. Here's my breakdown 
",,blakjordanbreen,1725
904,0,UFC211,"""Gamebred"" vs. ""The Sleep-Inducing Backpack"" next! ğŸ›Œ ","""Gamebred"" vs. ""The Sleep-Inducing Backpack"" next! ğŸ›Œ ",,IndeedIndeedInc,1723
120,4,,". @FrankieEdgar was fired up walking by media row. He just sent a reminder to anyone who doubted him going into this fight
",". @FrankieEdgar was fired up walking by media row. He just sent a reminder to anyone who doubted him going into this fight
",,DbLaZe802,1714
1900,0,UFC211,"Maia with the Linkin Park classic walk out song 
","Maia with the Linkin Park classic walk out song 
",,tootalljoness,1713
1769,0,UFC211,Yay Maia coming out to Numb by @linkinpark. Fucking love this guy. ,Yay Maia coming out to Numb by @linkinpark. Fucking love this guy. ,,joshflowers1,1711
534,0,ufc211,masvidal the executioner ,masvidal the executioner ,,Demitriousj,1708
259,0,UFC211, pretty crazy I bet you everybody thought that Frankie Edgar was going to get beat up because Rodriguez is so good but the oppositeâ˜ºğŸ˜€, pretty crazy I bet you everybody thought that Frankie Edgar was going to get beat up because Rodriguez is so good but the oppositeâ˜ºğŸ˜€,,chris_drop,1706
891,0,"UFC211, edgarvsrodriguez",So far the prelims for  have been better than the main card. Last 3 were all fight of the night contenders. But  ğŸ‘ŒğŸ¾,So far the prelims for  have been better than the main card. Last 3 were all fight of the night contenders. But  ğŸ‘ŒğŸ¾,,BoydAlmighty,1705
180,1,UFC211,"Cuban nigga comes out to scarface theme song winner in my book, Arriba ğŸ‡¨ğŸ‡º!!!!! Lmao ","Cuban nigga comes out to scarface theme song winner in my book, Arriba ğŸ‡¨ğŸ‡º!!!!! Lmao ",,hrln_89,1704
327,3,UFC211,I have so much respect for Frankie Edgar ,I have so much respect for Frankie Edgar ,,FashionHitList,1702
540,0,UFC211,Masvidal is coming for that title! ,Masvidal is coming for that title! ,,ElPayasoMMA,1701
101,52,UFC211,Wow! @DustinPoirier pouring it on Eddie Alvarez at !! ,Wow! @DustinPoirier pouring it on Eddie Alvarez at !! ,,AlwaysEvolving_,1697
1990,0,,Hopefully he will never win another one. ,Hopefully he will never win another one. ,https://twitter.com/SeanSheehanBA/status/863592157751496704,TICKPADDYDARREN,1695
151,1,UFC211,Live community chat  Maia vs Masvidal on the Sherdog Forums!!!  @sherdogdotcomâ€¦ ,Live community chat  Maia vs Masvidal on the Sherdog Forums!!!  @sherdogdotcomâ€¦ ,http://bit.ly/2qeEnkm,SherdogDrake,1694
332,44,UFC211,Everyone who just watched David Branch def. Krzysztof Jotko please look into my pen here ....  ,Everyone who just watched David Branch def. Krzysztof Jotko please look into my pen here ....  ,,AaronG80,1690
147,0,"UFC211, DoctorWho, MasterofNone, frontcover, WangoTango, F4F",U have a secret here is a place to share it no judgements or DM is cool too      ,U have a secret here is a place to share it no judgements or DM is cool too      ,,JaneDoethinks21,1685
1148,0,UFC211,He came out to the scarface theme ğŸ˜‚ğŸ˜‚ ,He came out to the scarface theme ğŸ˜‚ğŸ˜‚ ,,800Hertz,1684
1233,0,"TeamEasyMoney, UFC211",  let's go @GamebredFighter ,  let's go @GamebredFighter ,,ricoj3323,1683
1876,0,UFC211,"God, this fight is special. Masvidal/Maia @ufc @lthomasnews ","God, this fight is special. Masvidal/Maia @ufc @lthomasnews ",,Chrismark94,1682
38,39,UFC211,Highlights from Frankie Edgar vs. Yair Rodriguez  ,Highlights from Frankie Edgar vs. Yair Rodriguez  ,,ARomeroXVII,1681
799,0,UFC211,This is my main event ,This is my main event ,,RJD_96,1679
387,2,,Let. Them. Know. ğŸ‘Š ,Let. Them. Know. ğŸ‘Š ,https://twitter.com/ufc/status/863593127210352640,KingCalmette,1678
161,138,UFC211,Frankie is a dream killer  Congrats ğŸˆ,Frankie is a dream killer  Congrats ğŸˆ,,JoshElliott313,1677
239,0,UFC211,I got Demian this fight ,I got Demian this fight ,,Fuckjorgetbh,1676
44,0,UFC211,Maia vs Masvidal should be fantastic. Maia deserves the title shot but damn Masvidal is so much fun ,Maia vs Masvidal should be fantastic. Maia deserves the title shot but damn Masvidal is so much fun ,,Luv_Shukla,1673
1048,4,"FansWin, UFC211, JorgeMasvidal, DamienMaia",Yikes two of my favorite fighters up next!     @ufc,Yikes two of my favorite fighters up next!     @ufc,,CollinBreaux,1666
1377,0,UFC211,@EliasTheodorou That first album was pretty sweet tho.... ,@EliasTheodorou That first album was pretty sweet tho.... ,,ArdaOcalTV,1665
11,40,UFC211,"Punchfaces galore, y'all. That was ridic.  ","Punchfaces galore, y'all. That was ridic.  ",,GleidsonMMA,1663
430,0,,Straight killer. ,Straight killer. ,https://twitter.com/ufc/status/863593127210352640,Slapcevic12,1662
624,0,UFC211,I like Masvidal but this is a easy win for Maia ,I like Masvidal but this is a easy win for Maia ,,Moshinho,1660
1998,0,,"damn, @FrankieEdgar fucked him up pretty bad! ","damn, @FrankieEdgar fucked him up pretty bad! ",https://twitter.com/mmafighting/status/863594252378316800,ItsJanado,1656
785,0,UFC211,If I can't watch a @TheNotoriousMMA or @Cody_Nolove fight ???  will do! Haha! Great card so far! ğŸ‘Š,If I can't watch a @TheNotoriousMMA or @Cody_Nolove fight ???  will do! Haha! Great card so far! ğŸ‘Š,,Nameluss1,1655
2036,0,UFC211,"Dear Demian Maia,

Please don't get Nate Marquardted again by Masvidal.  @UFC","Dear Demian Maia,

Please don't get Nate Marquardted again by Masvidal.  @UFC",,MikeJBknows,1654
1694,0,UFC211,Hope @demianmaia gives @GamebredFighter some humble pie ,Hope @demianmaia gives @GamebredFighter some humble pie ,,Toby98,1653
725,2,UFC211,"More of the same by @FrankieEdgar
 ","More of the same by @FrankieEdgar
 ",,FriskoAteUrKID,1652
678,0,ufc211,Already nervous as shit. Let's go @GamebredFighter !!!! ğŸ’ªğŸ¼ğŸ’ªğŸ¼ğŸ’ªğŸ¼,Already nervous as shit. Let's go @GamebredFighter !!!! ğŸ’ªğŸ¼ğŸ’ªğŸ¼ğŸ’ªğŸ¼,,berdgit,1651
39,0,UFC211,Let's go @GamebredFighter !!!! ğŸ”¥ğŸ‘ŠğŸ»ğŸ’ªğŸ» ,Let's go @GamebredFighter !!!! ğŸ”¥ğŸ‘ŠğŸ»ğŸ’ªğŸ» ,,Muay_Thai_Lover,1647
1697,0,UFC211,does another number one contendership keep his slot or does the Agent 47 of UFC take it from him ,does another number one contendership keep his slot or does the Agent 47 of UFC take it from him ,,DaDrainPipe,1645
1020,0,UFC211,Scarface theme I love it @GamebredFighter ,Scarface theme I love it @GamebredFighter ,,CigarCity27,1640
826,0,,Damn ,Damn ,https://twitter.com/MMAFighting/status/863594252378316800,Franksantin_23,1639
681,0,ufc211,"Frankie edgar vs cub swanson?
","Frankie edgar vs cub swanson?
",,JoeRoga64441572,1637
789,0,UFC211,"Demian Maia walks out to Linkin Park â€œNumbâ€ 
  ","Demian Maia walks out to Linkin Park â€œNumbâ€ 
  ",https://www.youtube.com/watch?v=kXYiU_JCYtU,sherdogdotcom,1636
538,0,UFC211,"Jorge Masvidal self-imposing Arn Anderson's ""Enforcer"" duties on the UFC roster. ","Jorge Masvidal self-imposing Arn Anderson's ""Enforcer"" duties on the UFC roster. ",,SecretMovesMMA,1635
334,0,UFC211, Post Fight Interview with @DavidcBranchMMA @BSO , Post Fight Interview with @DavidcBranchMMA @BSO ,https://www.youtube.com/watch?v=jHu9mP0LvZU,TheTruthJackson,1634
2152,0,gamebred,Here we go!  ,Here we go!  ,https://twitter.com/danawhite/status/863594054298324992,user004931,1633
1799,0,UFC211,"If Masvidal can take Maia into the 3rd round, Maia will tire &amp; be susceptible to be KO'd. Otherwise Masvidal will be subbed in 1st. ","If Masvidal can take Maia into the 3rd round, Maia will tire &amp; be susceptible to be KO'd. Otherwise Masvidal will be subbed in 1st. ",,MontyArthur,1632
420,0,UFC211,What's up MichaelIrvin88?!   ,What's up MichaelIrvin88?!   ,http://cur.lv/15582f,GetPaidinBlood,1631
622,0,UFC211,Alright!!! ,Alright!!! ,,JericsonCantubs,1626
1870,0,,Yuuuuuckkkk. Doesn't even look like himself ,Yuuuuuckkkk. Doesn't even look like himself ,https://twitter.com/mmafighting/status/863594252378316800,ChrisC0llins,1625
1099,0,UFC211,@GamebredFighter coming out to the Scarface theme was cold as ice!! ,@GamebredFighter coming out to the Scarface theme was cold as ice!! ,,EmpeyJoel,1624
1826,0,UFC211,Maia threw more shadow-box punches in the hype package than he will in this fight. ,Maia threw more shadow-box punches in the hype package than he will in this fight. ,,bendertm,1623
1624,0,"UFC211, zacbrownbandlive, WangoTango",TMT Boxer Broke And Driving Uber    Bobby Ryan ... ,TMT Boxer Broke And Driving Uber    Bobby Ryan ... ,"http://oscrape.com/p/208300, http://fb.me/19rbR5cW0",iam_dapeter,1622
939,0,UFC211,DEMIAN WHAT ARE YOU DOING. LINKIN PARK CURSE. NOOOOOO ,DEMIAN WHAT ARE YOU DOING. LINKIN PARK CURSE. NOOOOOO ,,Sir_Brendan,1620
666,0,UFC211,Come on Maia ,Come on Maia ,,DPlatt3699,1619
568,0,UFC211,"Masvidal is a true fighter with a salty 32-11 record, but I like him for this matchup. ","Masvidal is a true fighter with a salty 32-11 record, but I like him for this matchup. ",,christianvluc,1618
1091,0,,Good heavens.  Top level mangling. ,Good heavens.  Top level mangling. ,https://twitter.com/mmafighting/status/863594252378316800,TheEliJordan,1617
2115,0,UFC211," Very Interesting Fight Coming Up!!
@GamebredFighter vs @demianmaia??"," Very Interesting Fight Coming Up!!
@GamebredFighter vs @demianmaia??",,AnthonyHunt9,1616
395,74,UFC211,Eddie Alvarez won that fight via Prison Rules. ,Eddie Alvarez won that fight via Prison Rules. ,,That_guy_621,1612
1458,0,UFC211,Come on @demianmaia ,Come on @demianmaia ,,XdanielkingX,1609
627,346,"DefendTheLand, UFC211","Good luck to the champ @stipemiocicufc tonight! ğŸ‘ŠğŸ¼
 
Weâ€™ll be cheering for you when you  at !â€¦ ","Good luck to the champ @stipemiocicufc tonight! ğŸ‘ŠğŸ¼
 
Weâ€™ll be cheering for you when you  at !â€¦ ",,TayWits,1608
816,0,UFC211,Maia v Masvidal this was my favorite interesting matchup to watch. Can anyone in this division figure the puzzle of Maia ğŸ‘€,Maia v Masvidal this was my favorite interesting matchup to watch. Can anyone in this division figure the puzzle of Maia ğŸ‘€,,mvpdream34,1607
1289,0,UFC211,Maia is the greatest BJJ practitioner to ever step into the octagon.  ,Maia is the greatest BJJ practitioner to ever step into the octagon.  ,,Notorious_RAF,1604
402,3,UFC211,So pumped for this match up! Who you got?  ,So pumped for this match up! Who you got?  ,,Migstah,1602
938,0,"UFC211, LEGEND",Congrats @FrankieEdgar u did great job! titleshot next!,Congrats @FrankieEdgar u did great job! titleshot next!,,knockouts365,1601
2017,0,UFC211,Maia can still get it. ,Maia can still get it. ,,RealMainEvent,1600
483,16,UFC211,Watching Edgar smash the shit outta that damn eye  ,Watching Edgar smash the shit outta that damn eye  ,,ikilled_anthony,1598
1125,0,ufc211,Let's go Maia. ,Let's go Maia. ,,mcshanesound,1597
1368,0,"Fiverr, UFC211, zacbrownbandlive",Check this out! I will do computer networking and IT security on    ,Check this out! I will do computer networking and IT security on    ,https://www.fiverr.com/s2/887fdf0321,newton_engineer,1595
343,5,,"Yep. I think Yair needs to move to a bigger camp, full-time. ","Yep. I think Yair needs to move to a bigger camp, full-time. ",https://twitter.com/Patrick_Wyman/status/863591812568465408,mookiealexander,1591
40,1,,"Maia has the best bjj in MMA &amp; if he takes Masvidal to the mat, it's a done deal but if it stays standing, that's Masvidal's fight ","Maia has the best bjj in MMA &amp; if he takes Masvidal to the mat, it's a done deal but if it stays standing, that's Masvidal's fight ",,mrlopez84,1588
617,0,ufc211,lets hope this is proven wrong.  ,lets hope this is proven wrong.  ,https://twitter.com/Fight_Ghost/status/863196888182411266,thanew,1586
963,0,UFC211,Masvidal can absolutely win. Takedown defense and boxing are his best friends tonight. ,Masvidal can absolutely win. Takedown defense and boxing are his best friends tonight. ,,westcoastlolo_,1584
144,0,UFC211,Well deserved! @FakeJoeSilva  ,Well deserved! @FakeJoeSilva  ,https://twitter.com/arielhelwani/status/863592608450433024,morgyman,1582
1545,0,UFC211,A title shot is on the line at . It's demianmaia vs. Jorge Masvidal (GamebredFighter) up now.â€¦ ,A title shot is on the line at . It's demianmaia vs. Jorge Masvidal (GamebredFighter) up now.â€¦ ,https://twitter.com/i/web/status/863593643994566656,MMAHWatch,1580
1389,0,"gruesome, UFC211",Tbh I honestly thought Pantera was going to win this one but oh well... Nice performance by Frankie though  ,Tbh I honestly thought Pantera was going to win this one but oh well... Nice performance by Frankie though  ,,AlexRdz185,1579
1647,0,"UFC211, mma, mixedmartialarts, ufc",One of the few times I fuck with Linkin Park is when Demian Maia comes out to the cage    ,One of the few times I fuck with Linkin Park is when Demian Maia comes out to the cage    ,,LibertyMediaCAN,1578
1467,0,UFC211,lmao rip yair rodriguez's eye that was disgusting i am fully aware i am very late in tweeting that ,lmao rip yair rodriguez's eye that was disgusting i am fully aware i am very late in tweeting that ,,realcamshady,1576
267,10,ufc211,Joe Silva would not have made Yair/Edgar. :) ,Joe Silva would not have made Yair/Edgar. :) ,,FaintOfMatts,1574
1059,0,UFC211,I got Maia here. ,I got Maia here. ,,Skyrim_Jobs,1572
474,0,UFC211,"HERE WE GO. 

Welterweights square off as DemianMaia takes on GamebredFighter NOW on PPV!!  ","HERE WE GO. 

Welterweights square off as DemianMaia takes on GamebredFighter NOW on PPV!!  ",,MMAHWatch,1569
1604,1,,"Reality check for Yair RodrÃ­guez. After narrow Alex Caceres win &amp; B.J. Penn, this was too big a step up. Frankie Edâ€¦ ","Reality check for Yair RodrÃ­guez. After narrow Alex Caceres win &amp; B.J. Penn, this was too big a step up. Frankie Edâ€¦ ",,kaysersoze1,1568
592,0,"UFC211, FightNight",HERE WE GO!! @GamebredFighter vs @demianmaia  ,HERE WE GO!! @GamebredFighter vs @demianmaia  ,,SwitchCoverage,1564
2077,0,ufc211,"God damn! Congrats, Frankie Edwards. So...much...swelling! ","God damn! Congrats, Frankie Edwards. So...much...swelling! ",,RoccoZona,1563
379,0,UFC211,Masvidal coming out to Scarface!  ,Masvidal coming out to Scarface!  ,,sinkryap,1561
1463,0,UFC211,Scarface Theme &gt; Linkin Park  @ufc,Scarface Theme &gt; Linkin Park  @ufc,,FredoWin,1560
2066,0,UFC211,Lincoln Park. The only thing worse Maia could have chosen as his walk-out song was Eminem. ,Lincoln Park. The only thing worse Maia could have chosen as his walk-out song was Eminem. ,,TheThirdMann,1559
2021,0,UFC211,In a Sports bar with the fiancÃ© catching UFC 211 was a great decision. Worthy fight card indeed. JDS vs Stipe better deliver. ,In a Sports bar with the fiancÃ© catching UFC 211 was a great decision. Worthy fight card indeed. JDS vs Stipe better deliver. ,,daliosway,1558
58,4,UFC211,Let's go Maia  ,Let's go Maia  ,,etorrez2,1555
17,48,UFC211,"HERE WE GO. 

Welterweights square off as @DemianMaia takes on @GamebredFighter NOW on PPV!!  ","HERE WE GO. 

Welterweights square off as @DemianMaia takes on @GamebredFighter NOW on PPV!!  ",,ClashLloyd,1554
893,0,"DosSantos, Miocic, UFC211, boxing",D@@! UFC 211 Live   Stream Edgar vs.  Rodriguez      Get   Your ..  Link  ,D@@! UFC 211 Live   Stream Edgar vs.  Rodriguez      Get   Your ..  Link  ,http://bit.ly/2rctMnc,muktanpi,1552
1633,0,"UFC211, EdgarVsRodriguez","Wow, Edgar has not lost a step!  ","Wow, Edgar has not lost a step!  ",,AndyBanson,1550
1054,0,UFC211,"Linkin Park ""numb"" echoes around the arena as Maia prepares to enter the octogon. ","Linkin Park ""numb"" echoes around the arena as Maia prepares to enter the octogon. ",,TFrenchOnline,1549
1815,0,ufc211,"I want Masvidal to win, but Maia looks almost unbeatable at the minute, lets go Gamebred! ","I want Masvidal to win, but Maia looks almost unbeatable at the minute, lets go Gamebred! ",,PottsyPineapple,1548
1102,0,UFC211,"That said, Maia is 18-2 in fights where he can score at least 1 takedown. Gonna be a fun one.  ","That said, Maia is 18-2 in fights where he can score at least 1 takedown. Gonna be a fun one.  ",https://twitter.com/themmanalyst/status/863594416161800192,TheMMAnalyst,1546
1241,0,"UFC211, HOF",Congratulations to Joe Silva on being inducted into the HOF this year.  ,Congratulations to Joe Silva on being inducted into the HOF this year.  ,,joshflowers1,1545
662,93,UFC211,And here comes 'The Answer' @FrankieEdgar sprinting to the Octagon!  ,And here comes 'The Answer' @FrankieEdgar sprinting to the Octagon!  ,,dobiyeol_21,1544
438,0,"DRINKITINMAAAN, UFC211","Bet this'll get some of them ""pure"" MMA fans made, but they'll continue to .  ","Bet this'll get some of them ""pure"" MMA fans made, but they'll continue to .  ",https://twitter.com/pwpnation/status/863586800153100290,Notorious_RAF,1542
353,0,UFC211,Let's go @GamebredFighter!! ,Let's go @GamebredFighter!! ,,stevenbryant723,1536
1304,0,UFC211,This how Rodriguez should have started the fight  ,This how Rodriguez should have started the fight  ,,JokingChris101,1535
659,0,"DosSantos, Miocic, UFC211, boxing",D@@! UFC 211 Live   Stream   Edgar vs.  Rodriguez        Get   Your Link   ,D@@! UFC 211 Live   Stream   Edgar vs.  Rodriguez        Get   Your Link   ,http://bit.ly/2rctMnc,muktanpi,1529
1542,0,UFC211,Frankie is an all time great ,Frankie is an all time great ,,Mr_Karsan,1528
108,0,"Eurovision, UFC211, Portugal, WhitePeople",George Soros thinks he's God   i   ,George Soros thinks he's God   i   ,http://articles.latimes.com/2004/oct/04/opinion/oe-ehrenfeld4,JulijaAshhad,1525
1932,0,"Maia, UFC211",This will be quick.. But Not Painless  ,This will be quick.. But Not Painless  ,,Rammel_23,1522
1502,0,UFC211,"Rooting for Maia in this one for obvious reasons, he deserves his title shot! ","Rooting for Maia in this one for obvious reasons, he deserves his title shot! ",,cflood03,1521
63,0,UFC211,GREAT WALK OUT MUSIC! ,GREAT WALK OUT MUSIC! ,,TheMMAprophet,1516
1546,0,UFC211,I am fully in on this fight. I really want Maia to win...but I ain't mad at Masvidal winning either. ,I am fully in on this fight. I really want Maia to win...but I ain't mad at Masvidal winning either. ,,TheBeardist,1515
2094,0,UFC211,Maia walking out to Linkin park. He's got my vote. ,Maia walking out to Linkin park. He's got my vote. ,,robbyrayrouse,1514
372,57,UFC211,Do you think Jessica Andrade will end the undefeated streak of current champ Joanna Jedrzejczyk at  TONIGHT? ,Do you think Jessica Andrade will end the undefeated streak of current champ Joanna Jedrzejczyk at  TONIGHT? ,,braedendeets,1509
303,0,UFC211,"Honestly this is a 50/50 here
@GamebredFighter @demianmaia 
 ","Honestly this is a 50/50 here
@GamebredFighter @demianmaia 
 ",,Odevlin19,1506
571,16,ufc211,"So, um, you want to fight Frankie Edgar???  ","So, um, you want to fight Frankie Edgar???  ",https://twitter.com/TheNermy/status/863589846459265024,Diglettaiko,1504
871,0,"ufc211, UFCDallas",Masvidal walks out to scarface soundtrack like a real bad guy  ,Masvidal walks out to scarface soundtrack like a real bad guy  ,,TheNermy,1503
145,0,UFC211,"I don't think he will but if Masvidal wins, him vs TWood for the title is gonna be CRAZY! ","I don't think he will but if Masvidal wins, him vs TWood for the title is gonna be CRAZY! ",,starr_lo,1502
324,0,UFC211, is absolutely DOPE so far !!!, is absolutely DOPE so far !!!,,akin029,1501
356,0,UFC211,Masvidal coming out to the theme from Scarface ,Masvidal coming out to the theme from Scarface ,,charteronebuf,1499
644,0,UFC211,First fight sucked and second fight ended too soon ğŸ˜’ ,First fight sucked and second fight ended too soon ğŸ˜’ ,,PureLifeTwenty2,1498
1879,0,UFC211, Results: Frankie Edgar put the featherweight division on notice tonight by completelyâ€¦ , Results: Frankie Edgar put the featherweight division on notice tonight by completelyâ€¦ ,https://www.instagram.com/p/BUDrYUAjtJZ/,JonnyHodds,1496
283,0,"Scarface, Heel, UFC211",Jorge better win this.   ,Jorge better win this.   ,,dsglabel,1495
607,1,UFC211,The fact that anyone is doubting Maia in this fight amazes me. ,The fact that anyone is doubting Maia in this fight amazes me. ,,ReneJaspers,1492
1555,0,UFC211,Maia should come out to â€œstrangleholdâ€. ,Maia should come out to â€œstrangleholdâ€. ,,scott_mcgroot,1491
1623,0,,Holy shit... ,Holy shit... ,https://twitter.com/MMAFighting/status/863594252378316800,DanielCaraballe,1489
578,0,"sabadonights, hooters, ufc211, lostindenver",Enjoying the night... alone. ğŸº     @ Hooters Lone Tree ,Enjoying the night... alone. ğŸº     @ Hooters Lone Tree ,https://www.instagram.com/p/BUDrHI4BqQV/,Damentology,1486
1612,0,UFC211,Maia with a tuneeeeeee for an entrance to the octogan ğŸ‘€ ,Maia with a tuneeeeeee for an entrance to the octogan ğŸ‘€ ,,TDOGMITCH,1484
68,0,UFC211,I got @GamebredFighter ğŸ‘Š  ,I got @GamebredFighter ğŸ‘Š  ,https://twitter.com/MMAjunkie/status/863593643994566656,JRose_WB,1481
848,0,UFC211,"Love Masvidal but ur getting strangled, let's get that TS Maia ","Love Masvidal but ur getting strangled, let's get that TS Maia ",,ahmedgazarin,1480
1754,0,UFC211,I'm good.  RT @MMAFighting: Oh my.  (@allelbows) ,I'm good.  RT @MMAFighting: Oh my.  (@allelbows) ,,TrizzyTray_,1479
1250,0,UFC211,Masvidal is a fucking gangster enters the arena to scarface tune!!  ğŸ”«ğŸ”ªğŸ’¯,Masvidal is a fucking gangster enters the arena to scarface tune!!  ğŸ”«ğŸ”ªğŸ’¯,,Craig_Murphy7,1478
70,2,,Damnnn Yair took a beating. Hell be back and maybe he can still be bigger then Canelo some day. Just not todayâ€¦ ,Damnnn Yair took a beating. Hell be back and maybe he can still be bigger then Canelo some day. Just not todayâ€¦ ,,Swiingin,1477
707,0,UFC211,Frankie Edgar got The Answers sway. ,Frankie Edgar got The Answers sway. ,,Zblaze,1472
740,19,UFC211,Frankie Edgar is phenomenal. That's all. ,Frankie Edgar is phenomenal. That's all. ,,zacharytjones20,1471
1654,0,UFC211,"The Cowboys players are pulling for Dos Santos tonight, trust me ","The Cowboys players are pulling for Dos Santos tonight, trust me ",,TSpell11,1470
1052,0,UFC211,"MMAFightingDude, Rodriguezâ€™s eye is a freakinâ€™ mess. ","MMAFightingDude, Rodriguezâ€™s eye is a freakinâ€™ mess. ",,MMAHWatch,1467
268,1,UFC211,"Frankie Edgar absolutely demolishes Yair Rodriguez in lopsided performance

â€¦ ","Frankie Edgar absolutely demolishes Yair Rodriguez in lopsided performance

â€¦ ",http://foxs.pt/2qfwZ7T,BrawlsToTheWall,1466
1811,0,,Dream team ,Dream team ,https://twitter.com/ufc/status/863573881608589312,meagan__stokes,1464
1455,0,ufc211,Masvidal coming out to the Scarface theme is actually amazing haha ,Masvidal coming out to the Scarface theme is actually amazing haha ,,JamesRowland12,1463
119,0,, , ,https://www.instagram.com/p/BUDrALWFKH_/,out2c1974,1462
559,0,UFC211,Gotta say @GamebredFighter coming out to the Scarface music is pretty sweet @ufc ,Gotta say @GamebredFighter coming out to the Scarface music is pretty sweet @ufc ,,I4G0tMyTwiter,1460
797,0,UFC211,Really hope stippe wins tonight ,Really hope stippe wins tonight ,,_inShane_,1458
257,0,UFC211,Masvidal coming out to the Scarface music and I'm immediately rooting for him ,Masvidal coming out to the Scarface music and I'm immediately rooting for him ,,KMastoloni,1457
1457,0,UFC211,"Really hope Maia can take Masvidal down, if he does that's then whoever wins will really deserve it ","Really hope Maia can take Masvidal down, if he does that's then whoever wins will really deserve it ",,1MrPodge,1456
1037,0,UFC211,I'm a little behind just finished round 1 but my dude Frankie doin work! ,I'm a little behind just finished round 1 but my dude Frankie doin work! ,,iamduanejackson,1455
471,0,UFC211,Who u guys got? @GamebredFighter / @demianmaia ,Who u guys got? @GamebredFighter / @demianmaia ,,JonCruzTuck,1454
1044,0,UFC211,Masvidal is a hell of a fighter but Maia can tap out anyone in the division ,Masvidal is a hell of a fighter but Maia can tap out anyone in the division ,,JGoodz97,1453
255,0,ufc211,That was surprising ,That was surprising ,,MonteyNYCBroker,1451
1727,0,UFC211,"I got Maia.
","I got Maia.
",,jcesarbojorquez,1445
3,0,UFC211,"I know Maia is a monster on the ground, he's Royce 2.0. I know he's like wrestling a wet blanket. But I'm picking @GamebredFighter ","I know Maia is a monster on the ground, he's Royce 2.0. I know he's like wrestling a wet blanket. But I'm picking @GamebredFighter ",,_jordancamacho_,1444
2004,0,UFC211,I probably annoy the hell outta people with all my MMA posts but I gotta do it lmao passionate af of this sport what can I say ,I probably annoy the hell outta people with all my MMA posts but I gotta do it lmao passionate af of this sport what can I say ,,ReMuHTy,1441
1529,0,UFC211,"Maia looks shredded for this fight, his BJJ is second to none I have him tapping GameBread 3 mins into the first ","Maia looks shredded for this fight, his BJJ is second to none I have him tapping GameBread 3 mins into the first ",,cj2OH1,1439
1138,0,UFC211,Can't wait for Mendes to get back in there..  featherweight is pretty stacked but could use him,Can't wait for Mendes to get back in there..  featherweight is pretty stacked but could use him,,TheMMAPlug,1436
1774,0,ufc211,He used to look like this   ,He used to look like this   ,,DertyAces,1435
639,0,,Indeed!! ,Indeed!! ,https://twitter.com/teammarchetti/status/863592424370823169,Jd4101,1434
2014,0,ufc211,Wannabe Diaz brother vs Dad. I'll take Dad. ,Wannabe Diaz brother vs Dad. I'll take Dad. ,,MrTribeTime,1431
2127,0,UFC211,If I've learned anything from watching UFC for 10 years is that Brazilians really love early Linkin Park ,If I've learned anything from watching UFC for 10 years is that Brazilians really love early Linkin Park ,,DonTag78,1430
53,0,UFC211,I got @demianmaia by strangulation in this one ,I got @demianmaia by strangulation in this one ,,TroyCornejo,1429
918,27,UFC211,Is there a tugboat in the crowd? ,Is there a tugboat in the crowd? ,,FXQueenBee,1423
884,2,"UFC211, TheAnswer",Yair be like   ,Yair be like   ,,Allenhaze,1420
1618,0,UFC211,"Maybe too late to read this, but you should probably try.  ","Maybe too late to read this, but you should probably try.  ",https://twitter.com/JESnowden/status/863110528977309696,SecretMovesMMA,1417
903,0,UFC211, go get that title shot @GamebredFighter, go get that title shot @GamebredFighter,,jchasar80,1414
121,0,UFC211,Gotta go with Maia ğŸ‡§ğŸ‡·ğŸ‡§ğŸ‡· ,Gotta go with Maia ğŸ‡§ğŸ‡·ğŸ‡§ğŸ‡· ,,Afrofish123,1413
1917,0,UFC211,@John_Kavanagh Wot u reckon..another clinical finish for Maia? This one is a mother effer of a fight ,@John_Kavanagh Wot u reckon..another clinical finish for Maia? This one is a mother effer of a fight ,,chiefmackers,1410
1106,0,UFC211,I can't watch Maia vs Masvidal.  I hope Maia pulls it off but Masvidal's boxing worries me.   @ufc @demianmaia @GamebredFighter ğŸ˜¨ğŸ˜±,I can't watch Maia vs Masvidal.  I hope Maia pulls it off but Masvidal's boxing worries me.   @ufc @demianmaia @GamebredFighter ğŸ˜¨ğŸ˜±,,lilysky19,1406
1636,0,UFC211,That one time when Maia squeezed Rick Story's brain out of his head  ,That one time when Maia squeezed Rick Story's brain out of his head  ,,MikeyRukus,1399
454,0,"Gamebred, UFC211",Let's go Jorge!!!  ,Let's go Jorge!!!  ,,_akamike,1390
1981,0,UFC211,Frankie Edgar turned Yair Rodriguez's face into the ğŸ˜œ emoji.  ,Frankie Edgar turned Yair Rodriguez's face into the ğŸ˜œ emoji.  ,https://twitter.com/MMAFighting/status/863594252378316800,Edgar_TheOceans,1389
633,23,UFC211,DAMN  ,DAMN  ,,TheGodOf420Yolo,1387
1248,0,UFC211," it might be Maia but I'm hoping for Masvidal. Save us from backpack wrestling, George! Please!!"," it might be Maia but I'm hoping for Masvidal. Save us from backpack wrestling, George! Please!!",,MmaStaph,1383
2040,0,UFC211, I'm on a roll! 2 for 2. @DamianMaia for the win by submission!, I'm on a roll! 2 for 2. @DamianMaia for the win by submission!,,LeeTurner_One,1382
184,0,UFC211,Awesome walkout song for Masvidal ,Awesome walkout song for Masvidal ,,joelcroichy,1381
468,0,UFC211,RNC @ Rd 1. Maia will get the title shot then?  ,RNC @ Rd 1. Maia will get the title shot then?  ,https://twitter.com/danawhite/status/863594054298324992,marcelogfx,1377
922,171,UFC211,Well look who's in the building  ,Well look who's in the building  ,,alexxxx96_,1375
1967,0,UFC211,Demian Maia looking to continue his untouchable tour ,Demian Maia looking to continue his untouchable tour ,,TherealHassanO,1374
1991,0,UFC211,Time now for Damian Maia vs. Jorge Masvidal. Winner gets Tyron Woodley for the Welterweight title. ,Time now for Damian Maia vs. Jorge Masvidal. Winner gets Tyron Woodley for the Welterweight title. ,,LastCallwChrisC,1373
1640,4,UFC211,Huge shots by FrankieEdgar land on Yair!  ,Huge shots by FrankieEdgar land on Yair!  ,,MariLovesMakeup,1372
73,0,"UFC211, UFC211livestream, Maia_vs_Masvidal","Masvidal vs Maia live stream
  
Watch UFC 211 live online
UFC 211 live HERE= ","Masvidal vs Maia live stream
  
Watch UFC 211 live online
UFC 211 live HERE= ",https://twitter.com/i/web/status/863594111726571520,UFC_LiveStream,1371
1035,0,UFC211,Maia's walking out to Linkin Park's most overrated song ,Maia's walking out to Linkin Park's most overrated song ,,TMAJE93,1370
1965,0,ufc211,Last minute change. I'm taking Maia. ,Last minute change. I'm taking Maia. ,,Admire816,1368
1733,6,UFC211,Just in case you needed reminding what a war @stipemiocicufc vs. @junior_cigano was before the rematch at  tâ€¦ ,Just in case you needed reminding what a war @stipemiocicufc vs. @junior_cigano was before the rematch at  tâ€¦ ,,_LeoLeoLeoLeo_,1367
1333,5,UFC211, official scorecard: three 10-9s for Dustin Poirier in the opening stanza. , official scorecard: three 10-9s for Dustin Poirier in the opening stanza. ,,Alejandria94_,1365
51,0,,Gonna be a good one! ,Gonna be a good one! ,https://twitter.com/ufc/status/863593847410110466,Erickg_ny,1364
524,36,UFC211,"Well, this is going to be awesome. Frankie Edgar vs. Yair Rodriguez is next. Who ya got?!  ","Well, this is going to be awesome. Frankie Edgar vs. Yair Rodriguez is next. Who ya got?!  ",,TomFlowers,1362
469,0,UFC211,"Pure domination!

FrankieEdgar reminds us that he's a straight BEAST!!  ","Pure domination!

FrankieEdgar reminds us that he's a straight BEAST!!  ",,MMAHWatch,1361
1327,2,UFC211,Let's go Junior vs Stipe !! May the best champion win !! ,Let's go Junior vs Stipe !! May the best champion win !! ,,SaraBush61,1360
1254,0,UFC211,"Rooting for Demian ""The Human Cellophane"" Maia here, who I wish did not walk out to ""Numb"" by Linkin Park. ","Rooting for Demian ""The Human Cellophane"" Maia here, who I wish did not walk out to ""Numb"" by Linkin Park. ",,RobbieBarstool,1359
831,0,"MaiaVsMasvidal, UFC211",This is my main event.  ,This is my main event.  ,,dongoio,1358
1622,0,UFC211,Ya Gano RT @MMALatestNws: Demian Maia makes the walk to 'Numb' by Linkin Park. ,Ya Gano RT @MMALatestNws: Demian Maia makes the walk to 'Numb' by Linkin Park. ,,Grexlunar,1355
502,0,UFC211,@btsportufc thanks for all the adverts amateur hour ,@btsportufc thanks for all the adverts amateur hour ,,mo55541011,1353
1929,1,,Much props to Maia for stepping up to the challenge. After Masvidal's last few fights fools are like this for Gamebâ€¦ ,Much props to Maia for stepping up to the challenge. After Masvidal's last few fights fools are like this for Gamebâ€¦ ,,ShadowLeagueTSL,1352
775,0,UFC211,I've been looking forward to this fight all night! ,I've been looking forward to this fight all night! ,,Genuine_Geo,1351
76,1,UFC211,ğŸ¤–ğŸ‘ŠğŸ» @FrankieEdgar is a machine ,ğŸ¤–ğŸ‘ŠğŸ» @FrankieEdgar is a machine ,,hollywoodAramis,1349
1809,0,UFC211,I'm not ready for this fight ,I'm not ready for this fight ,,SeaJayIn,1347
175,0,"LGBTQ, UFC211","When Amanda kissed her gf Nina, I heard some boos. Goes to show how conservative Texas is. Not visiting Texas anytime soon.   ğŸŒˆ","When Amanda kissed her gf Nina, I heard some boos. Goes to show how conservative Texas is. Not visiting Texas anytime soon.   ğŸŒˆ",,ItsDanPan,1346
1104,0,UFC211,"MMAFightingEdgar: I want the winner of Aldo-Holloway. If they match me up with Aldo for a third time, I donâ€™t know. ","MMAFightingEdgar: I want the winner of Aldo-Holloway. If they match me up with Aldo for a third time, I donâ€™t know. ",,MMAHWatch,1345
722,0,UFC211,"Wanted More From Rodriguez TBH Edgar Fighted Brilliant &amp; Damaged Rodriguez, Whole Eye Closed Up. Edgar Was On Fire ğŸ”¥ğŸ”¥ğŸ”¥ ","Wanted More From Rodriguez TBH Edgar Fighted Brilliant &amp; Damaged Rodriguez, Whole Eye Closed Up. Edgar Was On Fire ğŸ”¥ğŸ”¥ğŸ”¥ ",,AidenDaPlayaa,1336
486,0,UFC211,"My picks:
The homie Masvidal, Joanna, and Big Homie Stipe!!!  ","My picks:
The homie Masvidal, Joanna, and Big Homie Stipe!!!  ",https://twitter.com/miguel_pizanoo/status/863593430169137152,FunkMaster_UFC,1335
1910,0,"truefact, UFC211", i have taken jiu-jitsu from Damian Maia , i have taken jiu-jitsu from Damian Maia ,,Richard_S_Mart,1333
1939,0,UFC211,Has Maia been in the UFC since that Linkin Park song was a hit? Feeling old. ,Has Maia been in the UFC since that Linkin Park song was a hit? Feeling old. ,,Tithmar,1331
1601,0,UFC211,Imagine Kickboxing Maia comes in and surprises Jorge tonight? ,Imagine Kickboxing Maia comes in and surprises Jorge tonight? ,,Louie_C_,1329
136,0,ufc211,This scar face song is scary. ,This scar face song is scary. ,,GfromStaeFarm,1328
18,0,UFC211, Frankie Edgar proves us all he is a legend . Yair Rodriguez run of wins has been ended by @FrankieEdgar, Frankie Edgar proves us all he is a legend . Yair Rodriguez run of wins has been ended by @FrankieEdgar,,Sarathsivajr,1327
1374,0,,Ouch ,Ouch ,https://twitter.com/mmafighting/status/863594252378316800,Harms76,1326
134,8,"UFC211, TheAnswer",: @FrankieEdgar was definitely  tonight ,: @FrankieEdgar was definitely  tonight ,,eneidacortes68,1322
600,0,UFC211,@FrankieEdgar never ceases to amaze me... What a clinic ,@FrankieEdgar never ceases to amaze me... What a clinic ,,NotoriousGunz,1321
276,0,UFC211,Oooh. Really looking forward to Masvidal vs Maia. ,Oooh. Really looking forward to Masvidal vs Maia. ,,raptorhands,1319
399,0,"UFC211, fuckmaia", fuck yeah @GamebredFighter coming out to scar face theme  nobody wants Maia to win not even Maia, fuck yeah @GamebredFighter coming out to scar face theme  nobody wants Maia to win not even Maia,,ChrisMadison06,1318
237,6,ufc211,"Frankie dropping HELL-bows ! 
","Frankie dropping HELL-bows ! 
",,FvckWitNatlon,1317
1462,0,UFC211,"Eerie Linkin Park, for the Maia entrance. ğŸ˜‚ ","Eerie Linkin Park, for the Maia entrance. ğŸ˜‚ ",,SuvashanPillay,1313
155,0,UFC211,"That TKO should get Frankie Edgar any fight he wants. No-one predicted a Edgar finish. 145 aside, do TJ v Edgar for the Interim 135. ","That TKO should get Frankie Edgar any fight he wants. No-one predicted a Edgar finish. 145 aside, do TJ v Edgar for the Interim 135. ",,fizzytweets,1312
1225,0,,Frankie Edgar impregnated a man's eye tonight. I love MMA. ,Frankie Edgar impregnated a man's eye tonight. I love MMA. ,https://twitter.com/MMAFighting/status/863594252378316800,melanijak,1309
315,25,"ufc211, TeamEuroTimeZone",Got the power nap in. Back for the main card. Lets do this  ,Got the power nap in. Back for the main card. Lets do this  ,,tadhg_8,1308
1410,0,ufc211,Holly shit ğŸ˜¨  ,Holly shit ğŸ˜¨  ,https://twitter.com/mmafighting/status/863594252378316800,angelmariomtz,1305
1022,0,UFC211,"I love Maia, but man Masvidal is a fucking beast.
Masvidal Via KO 1st Round
","I love Maia, but man Masvidal is a fucking beast.
Masvidal Via KO 1st Round
",,DannyMori59,1304
713,19,UFC211,Why Frankie gotta be so mean?! What a performance. Yair is game tho. He's gonna be a problem for a long time. ,Why Frankie gotta be so mean?! What a performance. Yair is game tho. He's gonna be a problem for a long time. ,,Rickolaus,1303
951,0,,This ,This ,https://twitter.com/MMAFighting/status/863591469675724800,KarlFrance,1302
834,0,"teammaia, ufc211",Masvidal-Maia is the fight I've been waiting for!!!  ,Masvidal-Maia is the fight I've been waiting for!!!  ,,AntPStyle,1300
153,0,UFC211,"I love you Jorge, but Maia has earned his shot and the UFC are desperate for him to lose so let's go Demian! ","I love you Jorge, but Maia has earned his shot and the UFC are desperate for him to lose so let's go Demian! ",,_ScottBond_,1296
1498,1,MMA,"If you love , you MUST join our MMA Tycoon league. This is a blast, seriously. So realistic.â€¦ ","If you love , you MUST join our MMA Tycoon league. This is a blast, seriously. So realistic.â€¦ ",,anttopquality,1295
2095,23,"WWE, UFC211",UFC Light Heavyweight Champion Daniel Cormier drops some  references at  ,UFC Light Heavyweight Champion Daniel Cormier drops some  references at  ,,FrankieSCF,1294
1309,214,UFC211,It's clear that no one actually knows the rules ,It's clear that no one actually knows the rules ,,austingalego,1293
2052,0,ufc211,I think @GamebredFighter  can cause the upset here ,I think @GamebredFighter  can cause the upset here ,,wafflezz_92,1291
867,0,UFC211,@FrankieEdgar is still in his prime. ,@FrankieEdgar is still in his prime. ,,jab661,1290
1481,0,"UFC211, mma",Would love to see an Edgar Holloway fight!   @FrankieEdgar @BlessedMMA,Would love to see an Edgar Holloway fight!   @FrankieEdgar @BlessedMMA,,PowerPunchMMA1,1289
98,0,UFC211,Always new that @panteraufc is overrated. I'm glad that this bit the UFC in the ass because we all new this was a bullshit matchup. ,Always new that @panteraufc is overrated. I'm glad that this bit the UFC in the ass because we all new this was a bullshit matchup. ,,mudymba,1288
1745,0,UFC211,Demian Maia looks like he's in the best shape of his career. ,Demian Maia looks like he's in the best shape of his career. ,,davidbix,1286
459,51,UFC211,When you love brutal knockouts but still keep it classy  @MMARoasted @MMA_Inciter @MoTownPhenomâ€¦ ,When you love brutal knockouts but still keep it classy  @MMARoasted @MMA_Inciter @MoTownPhenomâ€¦ ,,Mrs__Niall__Lov,1285
1835,0,UFC211,How fast will Maia get the tap here? Less than a minute? Or less than thirty seconds? ,How fast will Maia get the tap here? Less than a minute? Or less than thirty seconds? ,,FightBrinkFight,1282
1050,0,UFC211,I guess Damian Maia didn't listen to Chester Bennington I guess he will never get over Hybrid Theory ,I guess Damian Maia didn't listen to Chester Bennington I guess he will never get over Hybrid Theory ,,BrandonfrmNJ,1280
1860,0,UFC211,2nd Round KO for Gambred ,2nd Round KO for Gambred ,,moneyismatt,1277
2106,0,UFC211,"@Pfamily413 oh well
Figured either this or Edgar by Decision
Kid isn't ready
 ","@Pfamily413 oh well
Figured either this or Edgar by Decision
Kid isn't ready
 ",,islandmobosp,1272
1752,0,UFC211,Toughest fight to call IMO.  BJJ vs Striking.,Toughest fight to call IMO.  BJJ vs Striking.,,karanchawla1,1268
1111,0,,No. No it's not lol ,No. No it's not lol ,https://twitter.com/eliastheodorou/status/863594496042442753,HSSSMMAShow,1265
1626,0,UFC211,"I want to say that Jorge is probaby about to fuck Maia up, but I thought the same for Matt Brown and Carlos Condit. ","I want to say that Jorge is probaby about to fuck Maia up, but I thought the same for Matt Brown and Carlos Condit. ",,TylerLamy,1264
1347,0,UFC211,Here comes the Boa Constrictor. Win or lose we are privileged to watch a true master of the martial arts ,Here comes the Boa Constrictor. Win or lose we are privileged to watch a true master of the martial arts ,,drewgoody7,1263
174,0,UFC211,Masvidal really just walked out to the Scarface theme song ,Masvidal really just walked out to the Scarface theme song ,,hatespanos,1259
832,0,UFC211,What is it with Brazilian fighters and early 2000s Linkin Park?  Lots of teenage angst in Rio? ,What is it with Brazilian fighters and early 2000s Linkin Park?  Lots of teenage angst in Rio? ,,HermH,1258
50,0,UFC211,Really want masvidal to Lose man ,Really want masvidal to Lose man ,,DeepLove_United,1257
1499,0,"stacked, UFC211",Huge fight after huge fight ğŸ˜  ,Huge fight after huge fight ğŸ˜  ,,lukenutbrown,1255
279,0,,Frankie Edgar remains the gatekeeper to the top 3 of featherweight. I really can't wait for his inevitable showdown with Holloway  ,Frankie Edgar remains the gatekeeper to the top 3 of featherweight. I really can't wait for his inevitable showdown with Holloway  ,https://twitter.com/i/web/status/863594219520307200,PressXtoAlex,1254
233,0,UFC211,Masvidal coming out to the Scarface ending theme is hilarious. ,Masvidal coming out to the Scarface ending theme is hilarious. ,,Houghton91,1250
377,9,UFC211,Frankie showing Yair why he's been in the top echelon of every weight class he's fought in for the last 8 years. ,Frankie showing Yair why he's been in the top echelon of every weight class he's fought in for the last 8 years. ,,chaliz79,1248
306,17,UFC211,OMG. His eye is JACKED UP. @UFC ,OMG. His eye is JACKED UP. @UFC ,,collin_huxford,1247
246,0,UFC211,"Someone go edit Frankie's wiki page to have the result of that last match be ""legalized murder"" ","Someone go edit Frankie's wiki page to have the result of that last match be ""legalized murder"" ",,PaulAceFontaine,1245
352,27,UFC211,Iaquinta video bomb is the best video bomb. ,Iaquinta video bomb is the best video bomb. ,,Jobus_DFS,1244
2007,0,UFC211,I'm sorry but Demian Maia has a really shitty walk out song ,I'm sorry but Demian Maia has a really shitty walk out song ,,get_funkd,1241
189,221,UFC211,"We are so, so spoiled from here on out .. 

Edgar. Yair. 
NEXT on PPV  ","We are so, so spoiled from here on out .. 

Edgar. Yair. 
NEXT on PPV  ",,AndyBanson,1240
758,0,UFC211,Buzzing for this one!! ,Buzzing for this one!! ,,oakleyluddo11,1235
705,0,TEAMFRANKIE,I didn't doubt Frankie for a split second -pantera Got his ass handed 2 him! Those spinning back kicks R useless on the ground! ,I didn't doubt Frankie for a split second -pantera Got his ass handed 2 him! Those spinning back kicks R useless on the ground! ,https://twitter.com/i/web/status/863594416811892736,mm_dubz,1233
887,0,ufc211,It's good to see Linkin Park are still a thing... ,It's good to see Linkin Park are still a thing... ,,EliasTheodorou,1230
1996,0,"WangoTango, DoctorWho, UFC211, F4F",Creating a safe space for ppl who need it. If u feel like u need to tell someone u can share it or DM     ğŸ˜˜,Creating a safe space for ppl who need it. If u feel like u need to tell someone u can share it or DM     ğŸ˜˜,,JaneDoethinks21,1229
1598,0,,Just when you think you can't love the bloke more ,Just when you think you can't love the bloke more ,https://twitter.com/mmalatestnws/status/863594661532884992,tja0830,1226
1844,0,,Cuz you are relevant and a threat u more than proved it last fight cubby ,Cuz you are relevant and a threat u more than proved it last fight cubby ,https://twitter.com/cubswanson/status/863590769021435904,mm_dubz,1225
1066,0,,DamnğŸ‘€ğŸ˜£ ,DamnğŸ‘€ğŸ˜£ ,https://twitter.com/mmafighting/status/863594252378316800,JerryV_9,1222
311,0,UFC211,@GamebredFighter coming out to the Scarface song!!!! Let's go! ,@GamebredFighter coming out to the Scarface song!!!! Let's go! ,,paydro009,1219
1264,0,UFC211,This is the most interesting fight on the card ,This is the most interesting fight on the card ,,DanDan023,1217
1645,0,UFC211,So nervous for this one. Let's go @demianmaia  ğŸ‘ğŸ‘Š,So nervous for this one. Let's go @demianmaia  ğŸ‘ğŸ‘Š,,gkettle1983,1211
642,0,UFC211,Masvidal playing the villain with the Scarface theme entry music hahaha I love it! ,Masvidal playing the villain with the Scarface theme entry music hahaha I love it! ,,DavieCruz,1210
1065,0,,Still gonna be one of the GOAT ,Still gonna be one of the GOAT ,https://twitter.com/mmafighting/status/863594252378316800,KheirRedV,1209
1295,0,"easymoney, saygoodnighttodabadguy, makeufcgreatagain, UFC211",Lets go @GamebredFighter !!!!     ,Lets go @GamebredFighter !!!!     ,https://twitter.com/ufc/status/863593847410110466,JGarzilla,1208
1857,0,UFC211,Come on Damien Maia ! Deserves a title shot ! ,Come on Damien Maia ! Deserves a title shot ! ,,Christie_91,1206
720,0,ufc211,Masvidal with the sickest entrance music ever. ,Masvidal with the sickest entrance music ever. ,,playboygayboi,1205
1208,0,UFC211,"Enter Ground game technician @DemianMaia
 ","Enter Ground game technician @DemianMaia
 ",,UFC_Asia,1201
409,0,UFC211,Masvidal walking out to the Scarface theme. Str8 G shit. ,Masvidal walking out to the Scarface theme. Str8 G shit. ,,THEKingGeorge14,1198
110,21,UFC211,Yair Rodriguez's eye after the first round  ,Yair Rodriguez's eye after the first round  ,,tmajors2,1190
1302,0,"UFC211, AlvarezPoirier","Let's run it back"" Eddie Alvarez on no contest vs @DustinPoirier  ","Let's run it back"" Eddie Alvarez on no contest vs @DustinPoirier  ",,combatesmundial,1189
596,0,UFC211,"Jorge Masvidal out to ""Scarface (Remix)"" by Ariel G from the ""Scarface"" OST. Demian Maia to ""Numb"" by Linkin Park
","Jorge Masvidal out to ""Scarface (Remix)"" by Ariel G from the ""Scarface"" OST. Demian Maia to ""Numb"" by Linkin Park
",,DamonMartin,1185
1190,0,,Looks like he was in a car accident. ,Looks like he was in a car accident. ,https://twitter.com/TheUFCUpdates/status/863589607627214849,Pinaylvr,1182
210,12,UFC211,Lol! @joerogan &amp; @dc_mma going crazy again! @ufc  ,Lol! @joerogan &amp; @dc_mma going crazy again! @ufc  ,,ohnoosama,1180
1552,0,UFC211,"If Jorge can keep this on the feet, he gets the W.
If Maia gets this on the ground, he gets the W. 
Let's see how this goes ","If Jorge can keep this on the feet, he gets the W.
If Maia gets this on the ground, he gets the W. 
Let's see how this goes ",,jasonbuchamer8,1178
1790,0,UFC211,As a jiujitsu guy there are lots of names I'd love to roll with. I have no interest in rolling with Maia... no interest in dying. ,As a jiujitsu guy there are lots of names I'd love to roll with. I have no interest in rolling with Maia... no interest in dying. ,,SteveOGrossi,1177
2087,42,,.@joannamma @jessicammapro @FrankieEdgar @panteraufc @stipemiocicufc @junior_cigano @GamebredFighter 175 RT away frâ€¦ ,.@joannamma @jessicammapro @FrankieEdgar @panteraufc @stipemiocicufc @junior_cigano @GamebredFighter 175 RT away frâ€¦ ,,forsenE_Badge,1170
1406,0,UFC211,"I'm with you, masvidal gonna try to out-Savage that savage ass performance Frankie just gave us  ","I'm with you, masvidal gonna try to out-Savage that savage ass performance Frankie just gave us  ",https://twitter.com/megana_mma/status/863594125421137922,fightingblogger,1169
549,0,UFC211,What happened to Yair's face ğŸ™ˆ,What happened to Yair's face ğŸ™ˆ,,xJayDoex,1163
605,0,ufc211, Maia bout to eat em up!! ğŸ‘ğŸ¿ğŸ‘ğŸ¿, Maia bout to eat em up!! ğŸ‘ğŸ¿ğŸ‘ğŸ¿,,STAYBLACK88,1162
2111,0,UFC211,"Will it be fists of fire from Masvidal?
Or will it be the standard Single leg, back take, choke from Maia? ","Will it be fists of fire from Masvidal?
Or will it be the standard Single leg, back take, choke from Maia? ",,MMA_Jim,1160
917,0,UFC211,This feels like a main event to me. Maia v Masvidal. ,This feels like a main event to me. Maia v Masvidal. ,,Portier_RJJ,1157
141,0,"UFC211, mma, ufc, mlmma",Congrats to @FrankieEdgar on his big win tonight    ,Congrats to @FrankieEdgar on his big win tonight    ,,SusanCingari,1154
370,0,"UFC211, UFC, MMA",Masvidal says it's his time. It's already Maia's time but UFC hasn't acknowledged it. Seriously welterweight action.   ,Masvidal says it's his time. It's already Maia's time but UFC hasn't acknowledged it. Seriously welterweight action.   ,,AcostaIsLegend,1153
274,1,,One of the coolest things to ever happen in a cage. ,One of the coolest things to ever happen in a cage. ,https://twitter.com/Grabaka_Hitman/status/863542539562999810,TroyLoyd41,1152
444,0,ufc211,"Jorge with the scar face soundtrack walkout , I like the vibes  . Heading to itunes now hahaha","Jorge with the scar face soundtrack walkout , I like the vibes  . Heading to itunes now hahaha",,CAmcKy,1150
514,0,UFC211,"Whichever way it goes, it's going to be one sided.... ","Whichever way it goes, it's going to be one sided.... ",,theguywhosahead,1149
979,0,"Eurovision, UFC211, WangoTangoAmauryEscoto","For further ğŸ‘‡





 ","For further ğŸ‘‡





 ","http://Www.Whyislam.ph, https://twitter.com/i/web/status/863594535619788800",gouin2017,1148
254,1,UFC211,Edgar did him! ,Edgar did him! ,,iitsjordan_,1146
537,1,UFC211,Jorge Masvidal entering to the Scarface theme is super duper gangster. ,Jorge Masvidal entering to the Scarface theme is super duper gangster. ,,Spicoleee,1144
676,6,ufc211, Frankie is giving Yair a schooling, Frankie is giving Yair a schooling,,jackle1921,1142
788,0,,.@KarynBryant oh those moments with Joe. Always epic ,.@KarynBryant oh those moments with Joe. Always epic ,https://twitter.com/mmaheyday/status/863593178590576640,davinalexmma,1138
925,0,ufc211,chrissy_blair: Out here with the babes! @brookliyn_wren @brittneypalmer @vanessahanson  ,chrissy_blair: Out here with the babes! @brookliyn_wren @brittneypalmer @vanessahanson  ,http://fb.me/1UnptLaHL,mmagiagia,1134
869,0,UFC211,This fight is gonna be live. Maia is amazing but Masvidal ftw ,This fight is gonna be live. Maia is amazing but Masvidal ftw ,,atRaihan,1131
1958,7,"UFC211, UFC","Once again, we are reminded that Frankie Edgar is one of the greatest of all time. There's just no denying it.   ","Once again, we are reminded that Frankie Edgar is one of the greatest of all time. There's just no denying it.   ",,zacharytjones20,1130
2065,0,UFC211,Lol... Numb for Maia entrance... That's so  effin coooool ,Lol... Numb for Maia entrance... That's so  effin coooool ,,asadnawaz940,1129
273,0,UFC211,Some badass walk out music going on tonight @ufc ,Some badass walk out music going on tonight @ufc ,,MistaMJL,1126
225,1,UFC211,Great seeing @JamesVickMMA do work in front of the hometown crowd! ,Great seeing @JamesVickMMA do work in front of the hometown crowd! ,,JamesVickMMA,1125
1372,0,UFC211, JUST IN CASE , JUST IN CASE ,https://twitter.com/taruk2012/status/863592853880152064,Taruk2012,1121
1968,0,UFC211,Its @demianmaia  Time ğŸ’ª ,Its @demianmaia  Time ğŸ’ª ,,PauloHill16,1120
1265,0,ufc211,Demian Maia keeping Linkin Park alive in 2017. Much hespect ,Demian Maia keeping Linkin Park alive in 2017. Much hespect ,,TheDragonsRage,1119
1288,0,UFC211,What other way to watch stipe defend the title than watch it at the department. Let's go @stipemiocicufc ,What other way to watch stipe defend the title than watch it at the department. Let's go @stipemiocicufc ,,Billy_Bul_Man,1118
386,0,UFC211,You got this Maia! ,You got this Maia! ,,Nydroj_Nosimaj,1111
127,0,UFC211,Come on then Demian! ,Come on then Demian! ,,JoshBroom,1107
812,0,"UFC211, FrankieEdgarvsYairRodriguez, UFC211FIGHT",Frankie Edgar vs  Yair Rodriguez FULL FIGHT - UFC 211  via @YouTube   ,Frankie Edgar vs  Yair Rodriguez FULL FIGHT - UFC 211  via @YouTube   ,https://youtu.be/KRSABFoLHIk,Correct_11,1106
2060,0,UFC211,"Maia vs Masvidal now on  I'm taking Masvidal by TKO, look to see him keep the fight standing","Maia vs Masvidal now on  I'm taking Masvidal by TKO, look to see him keep the fight standing",,Joey_Purg,1105
2108,0,UFC211,If @GamebredFighter can pull this off it will be awesome! Let's hope this fight delivers. ,If @GamebredFighter can pull this off it will be awesome! Let's hope this fight delivers. ,,Constntino,1104
1319,230,,Umm Jesus that was Entertaining!    Sherman vs Coulter if any fight on the main card can beat that for FOTN we're in for a CLASSIC ,Umm Jesus that was Entertaining!    Sherman vs Coulter if any fight on the main card can beat that for FOTN we're in for a CLASSIC ,,RamonJMontoya,1102
1492,1,UFC211,Wow What a performance! ,Wow What a performance! ,,RTG_T0T,1101
422,0,UFC211,"Pure domination!

FrankieEdgar reminds us that he's a straight BEAST!!   ","Pure domination!

FrankieEdgar reminds us that he's a straight BEAST!!   ",http://cur.lv/15582f,GetPaidinBlood,1099
245,0,UFC211,Striker vs grappler. ,Striker vs grappler. ,,TheImmortalCapo,1098
532,1,"ufc211, enjoythehostilities",Up next : Masvidal v Maia - an MMA purists dream match up - who we all got?!?   @robinblackmma,Up next : Masvidal v Maia - an MMA purists dream match up - who we all got?!?   @robinblackmma,,robinblackmma,1094
1805,0,UFC211,"Demian Miai shouldn't have taken this fight but it could go either way for him, really good or really bad ","Demian Miai shouldn't have taken this fight but it could go either way for him, really good or really bad ",,Yohanna_Araya,1091
1773,0,UFC211,You can tell Cormier appreciates Maia. ,You can tell Cormier appreciates Maia. ,,stupidskeleton,1085
1609,0,ufc211,Great fights  has been great.,Great fights  has been great.,,IRISHPRINCEMMA,1083
106,0,"UFC211, EasyMoney, SignTheFeatherweights",I'm going with Masvidal for the upset. Who you all got?   ,I'm going with Masvidal for the upset. Who you all got?   ,,MeganA_mma,1082
82,0,UFC211,"Scarface music is a little weird for a walkout song, but Masvidal is doing it ","Scarface music is a little weird for a walkout song, but Masvidal is doing it ",,Mike_Malo,1080
1445,0,"UFC211, WangoTango",Easiest Ways to Beat Ransomware   Portugal ,Easiest Ways to Beat Ransomware   Portugal ,https://goo.gl/u6qapV,social_article,1079
690,0,"UFC211, MMA",Brasil loves LinkinPark.  ,Brasil loves LinkinPark.  ,,McDuckMMA,1078
743,0,"GOAT, UFC211","Maia is coming out to Linkin Park ğŸ˜‚ 
","Maia is coming out to Linkin Park ğŸ˜‚ 
",,Ali_F_Abdullah,1076
1706,0,ufc211,Masvidal hype will be drowned after Maia submits him ,Masvidal hype will be drowned after Maia submits him ,,XVSting,1074
2079,0,UFC211,"I want Maia to win just for coming out to Numb by Linkin Park

","I want Maia to win just for coming out to Numb by Linkin Park

",,PharaohArnold,1073
