ID,#ofRT,HashTags,TweetId,Date,TweetText,URLs,User,Numbers
20,50,WhitePeople,8.63591815051694E+017,2017-05-13 23:45:06,"Which group is the most oppressed?

",,MWMWWWWWWWWWMWM,2135
150,65,WhitePeople,8.63591923574911E+017,2017-05-14 00:15:19,"Is there such thing as white privilege?

",,trumpocrat,2132
1674,0,WhitePeople,8.6359322103672E+017,2017-05-14 03:14:03,"The Govt census now considers Hispanics white.
What is all of this fuss?
  ",,RayKoagel,2125
139,70,WhitePeople,8.63591910287577E+017,2017-05-14 02:33:36, is trending for everyone to hate on Whites and If your a white male who's proud of his heritage you're a racist fucking NAZI,,RedPilled88,2122
1571,1,,8.63593142745842E+017,2017-05-14 02:50:24,"Wait, what? This makes no sense. How can a group of people not have a ""culture""? Everyone has culture. ",,word_in_edgewis,2118
217,154,WhitePeople,8.6359197860019E+017,2017-05-14 01:54:12,"When  set their minds towards a goal there is nothing they cannot accomplish.
Be proud of your heritage‚Ä¶ ",,NathanielGSmith,2107
260,4,WhitePeople,8.63592014025183E+017,2017-05-14 02:37:06," Don't Lose Your Head
Children as young as five turned into executioners   via‚Ä¶ ",http://dailym.ai/2rbZcdu,58Nodoubt,2096
32,829,WhitePeople,8.63591821984662E+017,2017-05-13 23:05:34,"Without , blacks would still be in slavery. My ancestors fought and died to end it. Where are my repara‚Ä¶ ",,hrt2know,2091
1268,141,,8.63592887056978E+017,2017-05-14 00:56:20,No society ever thrived because it had a large and growing class of parasites living off those who produce. ~Thomas‚Ä¶ ,,dianedavis8180,2089
1220,1,,8.63592839686402E+017,2017-05-14 01:32:03,"Villain to the left ‚úî
Developed the most successful tolerant societies in history ‚úî
Now let leftists try to destroy them‚úî
 
",,SF_ProudBoys,2084
1209,2,WhitePeople,8.63592832434528E+017,2017-05-14 03:07:47,I'm an anti-racist so that means I hate all ,,KurtPzrLehr,2080
1741,7,,8.63593282357613E+017,2017-05-13 23:33:18,tariq na-sherlock holmes at it again ,https://twitter.com/tariqnasheed/status/863536636059045888,_TheRevelator,2077
411,105,whitepeople,8.6359213425077E+017,2017-05-13 23:13:33,"Take a look at Trump supporters on the  hashtag - totally ""not-racist"" ",,fancynancysays,2076
252,1,"WhitePeople, WhiteHistoryMonth",8.63592010401423E+017,2017-05-14 03:06:38,@BancoRana @Rambobiggs  need TRUE Equality ,,Walkingstickm2n,2075
312,0,whitepeople,8.63592043901211E+017,2017-05-14 03:09:22,"Yikes  is full of some serious, top notch shit",,posteverythinga,2068
26,23,WhitePeople,8.63591819870744E+017,2017-05-14 02:46:38,Not really sure why  would be trending. Sad to see many fellow liberals are attacking my skin color while republicans defend it.,,ktd101551,2067
446,0,,8.63592166911816E+017,2017-05-14 03:09:52,"@ferree_g @_Makada_ Democrats tried to normalize hatred against whites for political power, that's what nappened. Right @johngreen? ",https://twitter.com/i/web/status/863592166911815680,JizzCannon,2060
877,0,"whitepeople, MAGA",8.63592554620756E+017,2017-05-14 03:11:24,"I'm not , but my husband is and we love Trump, because in spite of the dummies on the left, he is ",,BeachSideKnits,2055
574,84,WhitePeople,8.63592266832773E+017,2017-05-13 22:02:13,""" fought to free themselves, then they fought to free black people, then they fought to free women."" -H‚Ä¶ ",,LoveOurPeoples,2054
1104,0,,8.63592740705231E+017,2017-05-14 03:12:08,As do I. Very grateful to ancestors who came 2 USA LEGALLY to give me blessing of Freedom! RT if you are too! ,https://twitter.com/irmahinojosa_/status/863584204285661184,madmommab,2053
1631,0,WhitePeople,8.63593188790985E+017,2017-05-14 03:13:55, at least I don't fuck my son like Mexican fem do lolol,,Felisha83819049,2052
713,0,,8.6359240722031E+017,2017-05-14 03:10:49,"Correct. If you're not racist, nothing about this should offend you. üëèüèº ",https://twitter.com/jrwoke/status/863584031295885315,heatherg,2050
663,198,"dank, WhitePeople",8.63592360898429E+017,2017-05-14 00:10:09,"When your mom passes the family school shooting gun down to you ..
  ",,torisparksxo,2038
1354,0,,8.6359296096068E+017,2017-05-14 03:13:01,This tweet is what this hashtag should be used for ,https://twitter.com/tony7perfect/status/863581920394788864,TechBug2012,2037
794,0,,8.6359247064637E+017,2017-05-14 03:11:04,Who ever told U 2B ashamed? Atrocities commited by Europeans against indigenous people worldwide NOTHING2 B rejoicing N. Europeans R Great! ,https://twitter.com/i/web/status/863592470646370305,MichelStumvoll,2035
106,120,,8.63591880407355E+017,2017-05-14 00:14:30,"I've never been asked by POC to feel ashamed for my skin color. Ironic as POC are told to feel ashamed for theirs every day.

",,harbend,2032
1902,0,,8.63593428948537E+017,2017-05-14 03:14:52,"(((us)))

You have to go back. ",https://twitter.com/XV1980/status/863587799034773505,JDVandersnoot,2031
792,0,,8.63592467874161E+017,2017-05-14 03:11:03,"Shut up, you shithouse. ",https://twitter.com/ResistTrump7/status/863574174081572865,ImGregCook,2026
1250,0,WhitePeople,8.63592871697543E+017,2017-05-14 03:12:40, it's been fun and remember stay white keep out of the sun stop taking heroin quit sleeping with your kids and you'll prosper,,SoulFunktionMCR,2024
1485,0,WhitePeople,8.63593076773794E+017,2017-05-14 03:13:28,Yo did y'all peep this hashtag trending? Lmao cus why ,,YourFavoriteEx_,2017
18,20,BlackGirlMagic,8.63591814955237E+017,2017-05-14 03:01:15,"Thx. Please forward the name of your plastic surgeon. And which  lips did u opt for? Small, medium,‚Ä¶ ",,Muthawalker,2013
158,0,,8.63591930709651E+017,2017-05-14 03:08:55,Can I rt this 10 times?üôÉ ,https://twitter.com/armastrangelo/status/863585260549922817,emmygrace2016,2010
298,4,WhitePeople,8.63592038117159E+017,2017-05-14 02:21:21, problems ,,TheFactualGamer,2009
1796,0,WhitePeople,8.63593332857069E+017,2017-05-14 03:14:29, lives will always matter,,sawmilltaters,2001
965,0,WhitePeople,8.63592624065716E+017,2017-05-14 03:11:41,"@Xintani_ üëàjust make some shit up..no one will care.
 ",,RubberBlon,1992
1064,14,"WattersWorld, JudgeJeanine, Whitepeople",8.63592708069347E+017,2017-05-14 00:59:44,"What's up Chuck.
   ",,dcgilltx,1986
1957,0,WhitePeople,8.63593481645589E+017,2017-05-14 03:15:05,@lxrdkayy I just HATE when Liberals accuse NICE  Trump supporters &amp; GOP racist! Breaks my heart! ,,TeaTraitors,1985
1765,0,whitepeople,8.63593304054804E+017,2017-05-14 03:14:23,why is  trending? ,,zagthehuman,1984
1404,0,"WhitePeople, WhitePeople",8.63593011963408E+017,2017-05-14 03:13:13,": we are conquerors! Be proud of your white skin! 

Also : REVERSE RACISM IS AS BAD AS RACISM ",https://twitter.com/i/web/status/863593011963408384,SonMcGillicuddy,1983
557,0,,8.63592255789167E+017,2017-05-14 03:10:13,Not a conservative but I kind of agree with this ,https://twitter.com/armastrangelo/status/863585260549922817,TechBug2012,1978
1175,0,,8.63592805041656E+017,2017-05-14 03:12:24,"I agree!I'm proud to be white too &amp; everyone should be proud of their race no matter what, it's just showing God gratitude.  ",https://twitter.com/i/web/status/863592805041655808,colettey6,1976
1045,0,WhitePeople,8.63592690608484E+017,2017-05-14 03:11:56," need to relax, take a breath and be noble, magnanimous and partner up to make America safe again",,R46408488,1975
34,0,WhitePeople,8.63591824753078E+017,2017-05-14 03:08:30, got these POCs scared. Nice going fam. ,https://twitter.com/Rammel_23/status/863588013741416448,JDVandersnoot,1974
324,0,WhitePeople,8.63592052331868E+017,2017-05-14 03:09:24,"Blocked.

 only ",https://twitter.com/KeirstenAndress/status/863591617336418304,JDVandersnoot,1970
1857,0,whitepeople,8.63593389429735E+017,2017-05-14 03:14:43,I'm proud to be a Anglo Celtic Australian get mad left winged social justice cunts  ,,reaperthegrim31,1965
1237,162,WhitePeople,8.63592852198236E+017,2017-05-13 23:59:19, is trending. I'd like to thank white people for all of this. ,,finnationalist,1964
59,0,WhitePeople,8.63591844101345E+017,2017-05-14 03:08:35,"you have 2 admit
""Liberty University"" is silly from bar 1.
 how absurd do they need to get?
",,88weighted,1957
397,71,WhitePeople,8.63592125384061E+017,2017-05-14 02:04:31,"I love all people, we are all created in God's image... sad that liberals start to forget about i!
 ",,VSigourney1,1955
1169,0,,8.6359279794491E+017,2017-05-14 03:12:22,"White ppl love using MLK as some kind of example of ""the good blacks""ism. 

Especially since he can't speak for himself. Assassinated &amp; all. ",https://twitter.com/i/web/status/863592797944909824,BlackNerdJade,1952
216,616,WhitePeople,8.63591977773933E+017,2017-05-13 22:19:19,I love  &amp; I'm sick of all the hate that's spewed at them from racist minorities &amp; liberals who suffer f‚Ä¶ ,,ladihawke65,1950
288,22,WhitePeople,8.63592032836739E+017,2017-05-14 02:16:12, is trending because of bot accounts. ,,pete122661,1949
568,0,WhitePeople,8.63592261141099E+017,2017-05-14 03:10:14,"Proud of my culture, Proud of my people's history. B4 America there was no end to slavery in sight. Slavery? We shit it down ",,NotATrollololo,1947
421,77,WhitePeople,8.63592148591153E+017,2017-05-13 22:55:09,"Liberals see racism where it doesn't exist
 ",,ETVT,1938
789,0,WhitePeople,8.63592467089596E+017,2017-05-14 03:11:03, @realbrockturner here you go asshole.The privilege of being white. While an African American would have done life 4 what u did,,ZigChigurh88,1936
354,317,,8.63592079351571E+017,2017-05-13 23:43:12,"Since we are on the subject of racism, spot the difference between the real Juno Mission team and Google's interpre‚Ä¶ ",,kosmosflux,1932
1865,0,,8.63593399185797E+017,2017-05-14 03:14:45,üòÇü§¶üèæ‚Äç‚ôÄÔ∏èI swear Trump supporters be saying the dumbest shit to make an uproar. ,https://twitter.com/lxrdkayy/status/863582760182657025,chiIdishburgos,1926
161,378,whitepeople,8.63591934471926E+017,2017-05-14 00:34:55,"I see a sea of RED PEOPLE!

Dems want you to believe they're all  üòÇ ",,clark7950,1925
500,185,"WhitePeople, WhiteGenocide",8.63592213443482E+017,2017-05-14 00:11:11," are less than 8% of the worlds population!  

Protect real diversity! Fight ! ",,finnationalist,1924
472,0,DeadEnd,8.63592189741466E+017,2017-05-14 03:09:57,self-segregation by SOME militant niggaz  ,https://twitter.com/PolitiDiva/status/863552295572819970,TeaPartyStance,1923
230,4,"WhitePeople, WhitePeople",8.63591992793514E+017,2017-05-14 03:05:29,"Funny how everyone loves to hate , yet everyone wants to live in the great western civilizations  created üôÑ",,LCMarsh2,1916
763,0,,8.63592449117237E+017,2017-05-14 03:10:59,"So many white cucks.
This wont get you pussy
At least not any worth while ",https://twitter.com/cmclymer/status/863548477833445376,fufabunny,1914
914,0,WhitePeople,8.6359258923203E+017,2017-05-14 03:11:32," Lucky I'm 1/64 Crow, allows me to escape the whole white guilt thing.",,ebell_missouri,1912
618,0,WhitePeople,8.63592315813868E+017,2017-05-14 03:10:27, got no style. ,,EscapeVelo,1908
1976,0,WhitePeople,8.63593499618189E+017,2017-05-14 03:15:09,"dear fellow , we are awkward. oh well. hug a person of color. it may not improve anything but hugs are nice.",,calvinhahcomedy,1906
1393,0,,8.63592998772367E+017,2017-05-14 03:13:10,How about the ability to not be that smart but can still win an election... that's just one... ,https://twitter.com/deplorablekash/status/863591888330383360,MapAnalyst,1903
198,1,"WhitePeople, BlackPeople",8.63591961172689E+017,2017-05-14 03:07:48," are fine.  are also fine.

No matter your race, you're capable of being racist. Don't do that. No one likes a cunt.",,Felisha83819049,1902
1859,0,,8.63593389782163E+017,2017-05-14 03:14:43,This happens when you don't know history. Wonder if she knows those racists jumped to @GOP when LBJ passed Civil Rights Laws...  ,https://twitter.com/i/web/status/863593389782163456,SpiceMasa,1900
30,0,"Commie, WhitePeople",8.63591726614794E+017,2017-05-14 03:08:07,The words and beliefs that my words reflect built and nurtured this nation. Get a clue .  ,https://twitter.com/LadyBugz528/status/863590906619887616,Conservative220,1892
20,0,"Eurovision, UFC211, Portugal, WhitePeople",8.63591719463301E+017,2017-05-14 03:08:05,Bill and Hillary Clinton Body Count   i   ,http://www.youtube.com/watch?v=b1ZAqCi1mhs,TureChapa,1888
1947,0,"WhitePeople, PoetryFlow",8.63593475715084E+017,2017-05-14 03:15:04,"When Black People lights go out, we plan it. When  lights go out, they PANIC!  üòÇüòÇüòÇüòÇ",,BiGoddess_85,1882
25,21,WhitePeople,8.63591818709144E+017,2017-05-14 00:37:02,"The age of guilt is over.

 ",,TheFunEndsNow,1871
611,1,whitepeople,8.63592307664323E+017,2017-05-14 03:08:21,since  is trending (???) here are some insightful words for your saturday night ,,bambinohes,1870
31,80,WhitePeople,8.63591822005809E+017,2017-05-14 02:42:25,"Liberals, every time you make a comment about , say the exact same thing, but change the race, then hear how ignorant you sound.",,RedPilled88,1868
1871,0,WhitePeople,8.63593404583862E+017,2017-05-14 03:14:47,Lighter shade of brown ,,RScandle,1865
1127,62,WhitePeople,8.63592756643365E+017,2017-05-13 23:28:37,Liberalism does strange things to your brain.  ,,dgdocter12,1864
562,0,"whitepeople, crabpeople",8.63592257550766E+017,2017-05-14 03:10:13,"So Twitter can just let  trend like it's nothing, but if  were trending then there would be riots in the streets. ",https://twitter.com/i/web/status/863592257550766080,stin_Smith,1859
349,0,,8.63592074645557E+017,2017-05-14 03:09:30,The sooner the better.. know your place... ,https://twitter.com/jeffgiesea/status/863533643947552768,AetherOfLove,1857
3,101,WhitePeople,8.63591697711862E+017,2017-05-14 02:38:13,I love . Don't be ashamed of your race or loving your heritage because it's a taboo now. I love my European heritage. üá∫üá∏üëåüèº,,shooberto,1846
52,15,WhitePeople,8.63591839542034E+017,2017-05-14 00:29:49,"We're. Not. Sorry. 

 ",,TheFunEndsNow,1844
1606,57,WhitePeople,8.63593172919869E+017,2017-05-13 23:17:12,The left is vilifying an entire race of people based on their own stereotypes &amp; prejudices of  . Hypocrites!,,grodri56,1837
474,2,,8.6359219134788E+017,2017-05-14 02:47:24,you're so brave thank you for sharing your story ,https://twitter.com/AshleyWarrior/status/863537846724030465,Goobinator02,1834
1759,0,,8.63593294294593E+017,2017-05-14 03:14:20,we hate white people like youuuu not all of them babygirl ,https://twitter.com/kmberly4trump/status/863581068447842305,WhenYourePretty,1831
362,2,WhitePeople,8.63592092043489E+017,2017-05-14 03:01:18, are alright.,,ChrisTechBrown,1826
1456,0,"whitepeople, SideEye, deadEye",8.63593049477313E+017,2017-05-14 03:13:22,"When  say they wanna 'make America great again' ..  



They are either
complete selfish asses
or Ignant af ",https://twitter.com/i/web/status/863593049477312516,9t_9p,1823
422,3,WhitePeople,8.63592148922388E+017,2017-05-14 03:05:22," aren't the problem

White LIbs are

üëâFought for slavery
üëâEnacted Jim Crow
üëâFounded KKK


 ",,Michael72172097,1822
1532,0,WhitePeople,8.63593117165007E+017,2017-05-14 03:13:38,Girl...what's happening in this tag ,,sailor_misty,1820
195,0,"zacbrownbandlive, WhitePeople, svengoolie, CHIvSEA, Gutfeld, JJWCC2017",8.63591958865822E+017,2017-05-14 03:09:02," ,  ,  , Sounders ,  ,  , Hansel Robles , Gignac , ",,nipponupdate,1818
209,0,WhitePeople,8.63591970551194E+017,2017-05-14 03:09:05, *enslaved people to get out of their own work &amp; stopped those same ppl from getting educations* : we built this country.,,zakeeakardash,1812
902,2,"love, WhitePeople",8.63592576900891E+017,2017-05-14 02:49:48,  love white everything! ,https://twitter.com/AshleyWarrior/status/863537846724030465,Goobinator02,1810
1302,0,,8.63592919088865E+017,2017-05-14 03:12:51,"@fdell3 hey! Vladimir Caddie guy!

It seems there's a Gopher in my pant.
NO, I AM NOT GLAD TO SEE YOU!

 ",https://twitter.com/i/web/status/863592919088865280,CheetahPizzas,1809
402,40,WhitePeople,8.63592127279891E+017,2017-05-14 01:02:03,"""*OUR* race built this civilization!""
""What about slavery and genocide?""
""Hey, *I* wasn't a part of that...""

",,Rosie_Zadinia,1807
1375,3,WhitePeople,8.63592978853638E+017,2017-05-14 03:01:22,"Pssst.. The Constitution was written up and signed by  üò≤üò≤ ""them crackers so evil trying to make a civilized society and shit"" üòÇüòÇ",,VSigourney1,1801
50,0,whitepeople,8.63591743522038E+017,2017-05-14 03:08:11,"Just so everyone knows, we don't claim the white people crying how they're oppressed in the  hashtag. They're on their own. ",https://twitter.com/i/web/status/863591743522037760,King_Dennis13,1798
11,959,,8.63591806767911E+017,2017-05-13 23:46:53,"Liberals cry ""racism"" whenever somebody says something they disagree with yet leftists love to openly promote racism against .",,PhilipBeamSr,1796
1634,0,,8.63593190967915E+017,2017-05-14 03:13:56,Why don't you? You don't think white people don't like black people? How's the love in Africa? Or Asia and India? Do They love white people? ,https://twitter.com/i/web/status/863593190967914496,Trumpforpres4,1790
1019,1,"whitepeople, crabpeople",8.63592672585495E+017,2017-05-14 03:10:13,"So Twitter can just let  trend like it's nothing, but if  were trending then there would be‚Ä¶ ",,J0hnnyKapahala,1781
32,219,WhitePeople,8.63591729592664E+017,2017-05-13 22:41:33,Why are nations founded by  the most free &amp; tolerant? There are Currently slaves in Africa &amp; Middle East yet whites are evil..,,doc_redpilled,1777
1245,0,WhitePeople,8.63592861996126E+017,2017-05-14 03:12:37,buuuuuttt  kinda screwed all that up in the past and today soooo racism remains ,https://twitter.com/ethanmo55/status/863591531952865281,Jrwoke,1774
675,3,whitepeople,8.63592371321061E+017,2017-05-14 02:44:12, is trending....... I will use it as an excuse to post bikini pics üòò ,,Katie_for_fun,1769
1826,0,,8.63593361063768E+017,2017-05-14 03:14:36,"Sre you going to denounce this overt racism in your name, @GOP, @RNC, &amp; @TNGOP? ",https://twitter.com/TEN_GOP/status/863570027819270145,Newsericks,1768
1357,0,,8.63592962277745E+017,2017-05-14 03:13:01,Wait. Wait. Look over here. Trump put Russian dressing on his salad!!!  Let's get a special prosecutor because nothing else bad is happening ,https://twitter.com/i/web/status/863592962277744641,BBindib,1766
1659,9,whitepeople,8.63593210958013E+017,2017-05-14 00:10:26,White lives matter. ,,drewwood30,1765
625,15,"WhitePeople, America",8.63592322918998E+017,2017-05-04 14:39:53,'Cause  are the problem w  ,https://twitter.com/kwilli1046/status/859941635236474880,JessePershall,1764
1374,105,"WhitePeople, whitepeople",8.63592978643911E+017,2017-05-13 23:28:39, freed my ancestors. Dont understand the hate. No quarrel from me here. Carry on  üòé ,,hotvoltage,1761
175,31,,8.63591945943228E+017,2017-05-14 02:55:02,Native Americans and gentrified communities may have a word about this... ,https://twitter.com/slfrexit/status/863535812725616640,missnvni,1759
1790,10,WhitePeople,8.63593327370936E+017,2017-05-14 02:42:50,Ok I have done my best to mock the   hashtag. Now it's time for this cracka to sleep ...,,JadedByPolitics,1756
899,0,WhitePeople,8.63592573964665E+017,2017-05-14 03:11:29,"
Video: Was the Tower of Babel Real?
",http://www.smithsonianchannel.com/videos/some-very-compelling-evidence-the-tower-of-babel-was-real/55877?an=featured,tonyr951,1755
1738,0,WhitePeople,8.6359328107001E+017,2017-05-14 03:14:17, Can someone name the number of genocides committed by Blacks? We know for the Whites...Thanks in advance.,,Kings_Secret,1741
2068,0,"WhitePeople, lynching",8.63593566341354E+017,2017-05-14 03:15:25,No surprise that Tang is in office and   is trending. I am sure next week  will be on top,,DaKcStork,1739
35,0,,8.63591825843663E+017,2017-05-14 03:08:30,"It's actually the hat that sells you as a white supremacist but keep trying, sweaty :))))) ",https://twitter.com/lxrdkayy/status/863582760182657025,vanetti,1738
359,0,WhitePeople,8.63592087660491E+017,2017-05-14 03:09:33,"""You don't understand our struggle! The Dow was down two points today!"" ",,vanetti,1735
852,0,,8.63592530679665E+017,2017-05-14 03:11:18,Your Tude is what more people have got to realize is the only way to combat this politically correct idea that there is eternal white guilt! ,https://twitter.com/i/web/status/863592530679664640,donald_aper,1732
27,24,,8.63591819946467E+017,2017-05-14 00:34:25,I'm white &amp; I get it. It's bulllllshit ,https://twitter.com/DebunkRacistH8/status/863533662914129925,ojoan,1720
2,0,"Eurovision, UFC211, Portugal, WhitePeople",8.63591699452371E+017,2017-05-14 03:08:00,George Soros Feels No Guilt In Helping The Nazis   i   ,http://www.youtube.com/watch?v=_HpR0Gcd1m8,TornadoRhoy,1715
13,0,WhitePeople,8.63591809892668E+017,2017-05-14 03:08:26,There sure are a lot of stupid  who voted for Cankles. ,,LiberalsRpsyco,1711
100,175,WhitePeople,8.63591874107462E+017,2017-05-13 22:12:29,"You hate us because you ain't us.. 

Seriously, who's the most racist people on earth right now in 2017? 

üçìüç¶ 
",,ScienceGuy66,1710
750,69,WhitePeople,8.63592437637403E+017,2017-05-14 00:51:59, our women are beautiful and strong. It's up to you to continue reproducing with your own in order to s‚Ä¶ ,,livncuckooland,1709
409,203,,8.63592129280561E+017,2017-05-14 01:04:23,"Dentist : ur teeth are so white 
Her : how white they are ?
Teeth: *colonize half the world* 
Dentist : pretty fuck‚Ä¶ ",,DhatVulcha,1708
2096,1,BatShitCrazy,8.63593586608095E+017,2017-05-14 03:10:44,The Left is  @chuckschumer &amp; @nancypelosi should be committed or imprisoned They are intentionally try‚Ä¶ ,,LisaTomaino,1704
891,0,whitepeople,8.63592564804522E+017,2017-05-14 03:11:26," can y'all niggas become extinct already, damn... I know it don't take that damn long ",,HeyImBaejuh,1702
165,724,WhitePeople,8.63591937940619E+017,2017-05-13 21:42:28, shouldn't feel guilty about something we didn't do. You weren't a slave and I didn't own one. You get no reparations from me!!,,k_jean57,1699
1157,0,WhitePeople,8.63592790818685E+017,2017-05-14 03:12:20," shouldn't be a thing, ever. Just like how any race trending isn't and shouldn't be acceptable.",,Gareth_Tarlo,1689
591,0,,8.63592288743637E+017,2017-05-14 03:10:21,affirmative ,https://twitter.com/ProudWhite666/status/863575401850949638,RayycerX,1683
1319,5,,8.63592932078694E+017,2017-05-14 02:17:37,"All Dems know...Name calling, riots, looting, fake news against Trump, destroy America for vindictiveness rather th‚Ä¶ ",,moreenie31,1676
4,0,"Eurovision, UFC211, Portugal, WhitePeople",8.63591700836401E+017,2017-05-14 03:08:00,Hillary Clinton in 1975: Defends a Child Rapist   i   ,http://www.youtube.com/watch?v=gEJQf0DDZxc,VadKarina,1674
93,103,,8.63591865827836E+017,2017-05-14 01:09:52,What in the hell does this have to do with white people? ,https://twitter.com/LittleMissFlint/status/863561800629047296,TheFactualGamer,1668
1075,0,WhitePeople,8.63592717397488E+017,2017-05-14 03:12:03,Choose your tradition  be your color and go back to tradition or join the Muslim tradition by force. This is your last freedom ,https://twitter.com/i/web/status/863592717397487616,ThirdReiched,1665
620,0,,8.63592317243933E+017,2017-05-14 03:10:27,Shallow minded black people who are also liberals are taking the bait. ,https://twitter.com/_makada_/status/863566984390246400,MySoulPanteth,1659
1067,84,WhitePeople,8.6359270976385E+017,2017-05-14 00:25:10,"Without separating Americans by skin color, liberals would have no influence. 

Don't let them divide us. 
",,mikehicks415,1655
1483,0,whitepeople,8.63593076526383E+017,2017-05-14 03:13:28, classic twitter,,unsubmimique,1652
1629,1,,8.63593188388483E+017,2017-05-14 03:12:24,"I agree!I'm proud to be white too &amp; everyone should be proud of their race no matter what, it's just showing God gr‚Ä¶ ",,lindathomas102,1641
1207,0,,8.6359283082401E+017,2017-05-14 03:12:30,we love everyone with good will ,https://twitter.com/TEN_GOP/status/863575724262903808,TeaPartyStance,1639
26,7,,8.63591724333118E+017,2017-05-14 01:10:39,"Dear Libs,
If you bring nothing but knives and drama to the table, don't be surprised when your guests get up and l‚Ä¶ ",,kpalmer60,1634
2031,2,"WhitePeople, YouNeedWhiteMenForThat",8.63593534783455E+017,2017-05-14 02:59:08, Want space exploration?  ,https://twitter.com/trump2016fan/status/863555381376765954,gunfightingmick,1633
1235,17,WhitePeople,8.63592852026262E+017,2017-05-14 02:40:46,"You think a  hashtag is racist? üòÇüòÇüò≠üò≠ I'm dying, you don't know what racism is üíÄ ",https://twitter.com/emmyraes98/status/863570491050741760,not_korpo,1631
72,0,WhitePeople,8.63591852053848E+017,2017-05-14 03:08:36," Are actually lizards because we turn green,red,purple,pink,yellow,and grey. Face it, we're fucking rainbows.",,Roishock,1629
1462,0,WhitePeople,8.63593053491126E+017,2017-05-14 03:13:23,Some  enjoy reading the classics.... ,,cobaltwest,1614
1419,7,WhitePeople,8.63593019844563E+017,2017-05-14 02:42:06,"
‚úîÔ∏èFreed the slaves
‚úîÔ∏èDefeated Hitler",,ElizabethVlaho1,1608
1581,0,whitepeople,8.63593150752928E+017,2017-05-14 03:13:46, crack head threatened to shoot me tonight while i was on my porch and i live in a nice town. color has no bias stupid people,,WiJohnson4Trump,1606
1932,53,WhitePeople,8.63593453887816E+017,2017-05-13 21:35:27," are supposed to have white privilege but someone stole mine and made me work for every dime i got,i was robbed!",,TheFunEndsNow,1604
2135,65,,8.63593620431032E+017,2017-05-14 00:53:39,The word 'racism' is like ketsup. It can be put on practically and demanding evidence makes you 'racist.'~Sowell‚Ä¶ ,,AtheistEnigma,1602
1639,0,,8.63593193908163E+017,2017-05-14 03:13:56,@KodiGaddis This is the kind of tweet that liberals &amp; others are horrified by: ,https://twitter.com/zombie_american/status/863585368381153280,janersm,1597
496,0,,8.63592211354534E+017,2017-05-14 03:10:02,Over 600k Rep died to stop it. We have nothing 2 do / it. Democrats have brainwashed people they think we're stupid. ,https://twitter.com/Stevenwhirsch99/status/863509774444482560,BESTHSA,1595
1332,0,WhitePeople,8.63592943617278E+017,2017-05-14 03:12:57,Why is this trending? We are all one. ,,Robby_Farland,1582
771,0,whitepeople,8.6359245401199E+017,2017-05-14 03:11:00,We need to stop comparing people based on their race and start looking at each individuals character. ,,blsasar,1581
23,401,whitepeople,8.63591722420498E+017,2017-05-13 23:17:19,POLL: How do you feel about the prospect of  becoming a minority in the US?,,Imperfect10n,1580
572,71,WhitePeople,8.635922654109E+017,2017-05-13 23:35:33,The only example of institutional racism is race-based Affirmative Action. ,,TradCon,1579
901,0,WhitePeople,8.63592575822942E+017,2017-05-14 03:11:29,"YOU WERE'NT KANGZ!

 on the other hand... ",https://twitter.com/VapingLitWolf/status/863587853095272452,JDVandersnoot,1577
1704,0,WhitePeople,8.63593247154852E+017,2017-05-14 03:14:09,"@emjayale Slavery was Muslim.
Still is.
DUH
 ",,Walkingstickm2n,1576
123,0,"TheFreshPrinceOfBelAir, WhitePeople, CarltonBanks",8.63591896463094E+017,2017-05-14 03:08:47,Thanks to  the stereotype that  can't DANCE didn't exist 4 me.  I ‚ù§ you &amp; it's not unusual üòâ ,https://twitter.com/i/web/status/863591896463093760,SummerRoseDream,1571
406,102,WhitePeople,8.63592128181678E+017,2017-05-13 23:32:31,Hate crimes against  are real despite all that your 'gender studies' professor taught you. ,,cy_frost,1570
126,166,,8.63591899608822E+017,2017-05-14 00:25:25,I've been given a privilege because of my skin. The right thing to do is to fight for other races to have what I have had. ,,NickMadincea13,1557
342,32,,8.63592068727308E+017,2017-05-13 23:22:13,Racism wouldn't exist if white peoplr didn't create the social construct of race. ,https://twitter.com/riyasharma266/status/863533609499582464,velvetskank,1556
1834,7,WhitePeople,8.63593370374951E+017,2017-05-14 02:12:25,Turkey and mayo sandwiches ,,aWllsJereym,1554
1544,0,whitepeople,8.63593125792686E+017,2017-05-14 03:13:40,"United we stand, divided we fall. Are we not all of the human race?   it's not your fault",,RealHappyshizno,1553
1015,0,,8.63592671776051E+017,2017-05-14 03:11:52,They sure do thrive on it they don't care what is good for the country it's all about them ,https://twitter.com/realvinniejames/status/863525030449295360,jamesg2613,1547
931,115,whitepeople,8.63592602372903E+017,2017-05-14 01:28:02,.Science fiction? Or just a matter of time? If left up to @TheDemocrats it will be the end of ‚Ä¶ ,,nathan521,1544
394,0,WhitePeople,8.63592124389962E+017,2017-05-14 03:09:41,I think the  hashtag is a Russian bot operation designed to cause discourse on all sides. It worked I see,,theMattyKakes,1542
69,20,WhitePeople,8.63591849155592E+017,2017-05-14 02:37:32,Racist   are the problem and that's why the sane white people arent offended by this hashtag,,Slade201192,1541
1397,4,,8.63593005672018E+017,2017-05-14 00:34:42,Robbed &amp; killed other civilizations &amp; then took credit for their accomplishments* fixed it for you sis ,,cclari_nb,1540
66,128,"WhitePeople, Triggered",8.63591845690987E+017,2017-05-14 00:31:25," is trending, so I'm just gonna leave this here...  ",,ArneAlvarado,1532
714,43,,8.63592407639757E+017,2017-05-13 23:13:01,"Grateful for white men who recognize their societal privilege, and use it to empower women &amp; people of color. Mad respect guys! ",,cmbsweden,1524
906,0,,8.63592579492958E+017,2017-05-14 03:11:30,You get none.  Your ancestors started this shit back in the mid 1400's. ,https://twitter.com/Stevenwhirsch99/status/863530686929670146,AetherOfLove,1519
988,2,WhitePeople,8.63592646513767E+017,2017-05-14 02:17:43, are the only only racial group in this country who is accused of racism on a daily basis. When most of it today is against us!,,violin002,1517
86,212,,8.63591861683982E+017,2017-05-14 00:23:02,Didn't y'all kill him? ,https://twitter.com/mikandynothem/status/863536480215379968,BlackNerdJade,1515
602,0,,8.63592298931769E+017,2017-05-14 03:10:23,"Created and built on the back of Black slaves you mean.

I fixed it for you. ",https://twitter.com/disspat/status/863591064032092160,cmbsweden,1501
2053,4,WhitePeople,8.63593553083081E+017,2017-05-14 02:45:52,You'll miss us.  ,,CorintheansXIII,1499
40,123,,8.63591832680378E+017,2017-05-14 00:20:29,"There's little more childish than a white person losing their shit because someone asks them to consider other experiences.

",,3illSweet,1498
390,1,WhitePeople,8.63592122750046E+017,2017-05-14 03:06:41,@Trend_Spitter Making fun of  is going out of style fast. Just a heads up.,,OldSchoolfan12,1486
1577,1,,8.63593146860614E+017,2017-05-14 00:08:41,Flip &amp; RT this poll... ,https://twitter.com/JonJ_L973/status/863517331733061633,9975Ts,1485
37,0,"Eurovision, UFC211, Portugal, WhitePeople",8.63591826254553E+017,2017-05-14 03:08:30,George Soros thinks he's God   i   ,http://articles.latimes.com/2004/oct/04/opinion/oe-ehrenfeld4,TopzShriraj,1483
737,1,WhitePeople,8.63592427764011E+017,2017-05-14 02:32:40,"  There are two kinds of republicans; 

Billionaires and Suckers. 

Check your wallet to see which one you are.",,jordantylandyln,1470
138,0,,8.63591909377421E+017,2017-05-14 03:08:50,I actually say this and shout it out of windows while riding through The District. Gentrification is why Our girls are missing.. ..sooo... ,https://twitter.com/i/web/status/863591909377421312,AetherOfLove,1469
316,447,WhitePeople,8.63592045751017E+017,2017-05-13 21:14:04,"This says it all!
 ",,Isilchaser,1468
1517,45,WhitePeople,8.63593108369359E+017,2017-05-14 00:48:46,Liberals policies have enslaved minorities to the state.  ,,dianedavis8180,1467
41,0,WhitePeople,8.63591733875151E+017,2017-05-14 03:08:08,BAD ASS  ,,msm_polls,1466
2052,66,WhitePeople,8.6359355286918E+017,2017-05-13 21:47:39,Dear  ,,longgoneblond,1462
659,0,LOSERS,8.63592357865951E+017,2017-05-14 03:10:37,"Actually, they are admitting that they're ! ",https://twitter.com/Pappiness/status/863553735615811585,Newsericks,1460
1665,233,,8.63593214724514E+017,2017-05-14 00:10:25,Officer William Stacy caught this starving mother stealing eggs. What did he do? Delivered two truckloads of food t‚Ä¶ ,,SOldmixon,1458
1708,0,WhitePeople,8.63593248312377E+017,2017-05-14 03:14:09,"Nobody can pull the ""qualified"" excuse on me when we see a Congress full of only  who stink at their job. ",https://twitter.com/i/web/status/863593248312377344,ZakCMcGaugh,1456
665,0,,8.63592363016565E+017,2017-05-14 03:10:38,Did some people really need to be told that? ,https://twitter.com/sahluwal/status/863591440403673089,Gary_Walker96,1449
172,0,WhitePeople,8.635919438126E+017,2017-05-14 03:08:58,Can someone please tell me something  can do without killing themselves that's not racist at this point?,,silence_above,1442
1091,0,,8.63592727790973E+017,2017-05-14 03:12:05,He so upset that white people getting call on their bs ,https://twitter.com/PrisonPlanet/status/863527400679800834,DavisKarrissa,1441
821,84,DAFF,8.63592495409713E+017,2017-05-13 20:55:18,"""We didn't talk about race because we didn't have to. It didn't affect us."" This is very common for non-POC. ‚Ä¶ ",,cmbsweden,1438
1822,0,,8.63593357708149E+017,2017-05-14 03:14:35,Or it could be the hat ,https://twitter.com/lxrdkayy/status/863582760182657025,whats_habenin,1425
695,0,whitepeople,8.63592392573714E+017,2017-05-14 03:10:45,@KeifyG I keep tellin people one of the worst things you can do in America is tell  the truth of their history here and across the globe,https://twitter.com/i/web/status/863592392573714432,miickeytankbank,1423
214,0,,8.63591973537555E+017,2017-05-14 03:09:05,"I may not like m o s l e m s, unlike you, you racist I don't wish them dead. Hypocrite Idiot ",https://twitter.com/ResistTrump7/status/863574174081572865,OZzSue1,1419
9,0,WhitePeople,8.63591805819826E+017,2017-05-14 03:08:25,When do you think  are going to remember that they forced their language on us ü§î ,https://twitter.com/zander9899/status/863581508438831104,mielhija,1417
1405,0,,8.6359301431226E+017,2017-05-14 03:13:14,"Fourth Reich Is among us. First of all, you mocked us, insulted us, called us racist, we'll see who raises again soon. 

 ",https://twitter.com/i/web/status/863593014312259584,rut1ger,1416
190,601,WhitePeople,8.63591957267796E+017,2017-05-13 23:29:12,I was wondering why  was trending and I see it's a bunch of WHITE SUPREMACISTS trying to hide their racism behind all white ppl,,cetsi97,1411
1000,0,WhitePeople,8.63592658098426E+017,2017-05-14 03:11:49,"@BasedElizabeth You mean picture the world without numerous genocides, Holocaust, and Colonialism.  Looks good from this side. ",,amaliik3,1405
37,0,,8.63591733765878E+017,2017-05-14 03:08:08,"Reality is that not all lives matter, this will be winner take all ",https://twitter.com/L14WS1/status/863588740677029888,altrite1,1404
1975,0,,8.63593497991033E+017,2017-05-14 03:15:09,Homophobes? ,https://twitter.com/ethrealjk/status/863592251963752448,graywolf,1401
1029,0,,8.63592677912261E+017,2017-05-14 03:11:53,I'M SO HERE FOR MUSLIM/ ISLAMIC PRIVILEGE!!! ,https://twitter.com/AmyMek/status/863529176367865856,AetherOfLove,1397
623,4,,8.63592319936844E+017,2017-05-14 03:00:33,THIS x 1000000000 ,https://twitter.com/derenicbyrd/status/863502630206623744,jaynya13,1396
1655,0,"whitepeople, people",8.63593208143544E+017,2017-05-14 03:14:00,"Im getting a little too political tonight, but at what point does the #  become . Fuck liberal/right wing. IM LOGICAL.",,YammamotoOG,1394
1144,0,WhitePeople,8.63592774280466E+017,2017-05-14 03:12:16, Last I checked the highest income earners on average in North America are Asian so what White privalge are you talking about?,,GSaint318,1393
810,11,WhitePeople,8.63592485465072E+017,2017-05-13 21:49:38, Something to consider before calling all white people racist. This hatred must stop somewhere. Everyon‚Ä¶ ,,LoveOurPeoples,1391
1158,7,WhitePeople,8.63592791233839E+017,2017-05-13 22:10:32,"More hot  from Russia--why? Because I goddamn hate the progressive witch hunt. Eat shit, progs. ",,readwipedandble,1386
392,0,,8.63592123127542E+017,2017-05-14 03:09:41,This one is a gem of her race ,https://twitter.com/kaitlinwashere7/status/863591622977748992,V01Vod,1382
585,445,WhitePeople,8.63592283551273E+017,2017-05-13 23:18:54,In case you still think it was wrong of Hillary to call Trump supporters deplorables...click through the  hashtag,,harbend,1378
18,2754,WhitePeople,8.63591715982238E+017,2017-05-13 22:43:05,"Democrats used to demonize blacks. Then, Native Americans. Now it's . Dems thrive on social hatred. They manufacture it. -VJ",,winegirl73,1375
1702,0,whitepeople,8.63593246244602E+017,2017-05-14 03:14:09,@DebunkRacistH8 IT IS offensive to  though. Stand a viable candidate next time!,,murph125,1374
1903,0,,8.63593429883916E+017,2017-05-14 03:14:53,"must be nice to know exactly where you came from, because most african americans don't have that privilege ",https://twitter.com/irmahinojosa_/status/863584204285661184,_moneymoee,1370
21,26,"WhitePeople, WhitePeople",8.6359172026044E+017,2017-05-14 02:22:20,"The first race to make a law against slavery was  and they were so committed to it over 360,000  died to enforce it.",,VILLA504BEEZY,1368
44,72,WhitePeople,8.63591739252257E+017,2017-05-14 02:32:29,"Oh no!!! I'm doing the OK symbol and I'm white üëåüèº I must be a white supremacist in liberals eyes üòÇüòÇüòÇ
 ",,shooberto,1365
111,60,,8.63591885121761E+017,2017-05-14 00:26:00,this tweet smells like boiled hotdogs and American cheese. ,https://twitter.com/GrantJKidney/status/863536993791348736,_cuntastic,1362
2001,0,,8.63593514407428E+017,2017-05-14 03:15:13,I'm German &amp; English.. and a a global minority.. never will I not be proud of my heritage or be ashamed of being white.. ,https://twitter.com/i/web/status/863593514407428096,American2r26,1358
17,0,WhitePeople,8.63591814422557E+017,2017-05-14 03:08:27,Have y'all read the  hashtag. LMFAO. Acting like their is racism against whites. Bye.,,torisparksxo,1357
2075,1,Racism,8.63593570472649E+017,2017-05-14 03:06:40,There is far more  from the Left than the right. ,https://twitter.com/PrisonPlanet/status/863537657363738624,AZInformer,1354
1273,71,WhitePeople,8.63592894384361E+017,2017-05-14 00:22:37, who don't like hashtags about white people are the snowflake white people who need to actually learn about white people.,,annaboo7998,1344
836,0,"Resistance, Liberals",8.63592511083827E+017,2017-05-14 03:11:14,"THAT'S THE HASHTAG THEY ARE USING‚ÄºÔ∏è‚ÄºÔ∏è
MINDS OF A CULT‚ÄºÔ∏è‚ÄºÔ∏è   ‚ùÑÔ∏è ",https://twitter.com/TheMarkRomano/status/863531363122769924,GloriaBudde,1342
1365,0,WhitePeople,8.63592970410447E+017,2017-05-14 03:13:03,"McDonalds gives out 'Free coffee w/ a whitey' discount cards if anyone needs a pick-me-up

This tweet brought to you by the  tag",,HoorayBacon,1341
1011,0,,8.63592664842809E+017,2017-05-14 03:11:50,An exact visual as to why Trump won. Thanks for securing 2020 for him. ,https://twitter.com/PrisonPlanet/status/863537657363738624,FuckenCannarsa,1332
449,202,whitepeople,8.63592170170839E+017,2017-05-13 23:50:16,Blaming  who are alive today for slavery is like blaming your great great grandparents who you never met for your own stupidity,,FUNKYFreshWS6,1331
246,0,WhitePeople,8.63592004147708E+017,2017-05-14 03:09:13,"I'm a proud Christian white man, married to a woman of Mexican descent. 

",,JackCarsrudJr,1328
2035,0,WhitePeople,8.63593537329353E+017,2017-05-14 03:15:18,"Glad somebody finally created a  on Twitter, because that's a completely uncontroversial topic.",,OldSchoolfan12,1324
1002,0,WhitePeople,8.63592658945667E+017,2017-05-14 03:11:49, go to bed ,,PencesGreyHair,1319
305,5,WhitePeople,8.63592040269009E+017,2017-05-14 02:53:09,"Yeah, actually we can.   freed the slaves and crushed Hitler. ",https://twitter.com/heidilovesdave/status/863587476195102720,RPZak0,1317
1761,0,,8.63593298585424E+017,2017-05-14 03:14:21,WHAT IN THE TRUMP TRASH .... ,https://twitter.com/irmahinojosa_/status/863584204285661184,devonlevesque_,1313
994,0,whitepeople,8.63592651748147E+017,2017-05-14 03:11:47,"So... , here's an idea: how about we stop defending for a sec, &amp; pay attention. Just listen &amp; learn? üëáüèº ",https://twitter.com/reignofapril/status/863580143360647168,rachel_j_clift,1312
51,73,WhitePeople,8.63591745640165E+017,2017-05-13 21:12:51,Planned Parenthood continues to kill FAR more people of color than they do  ,,GingerMarple,1305
1468,0,,8.63593063087829E+017,2017-05-14 03:13:25,Bless! üò´‚úä ,https://twitter.com/RealVinnieJames/status/863525030449295360,AetherOfLove,1302
383,0,WhitePeople,8.63592115288383E+017,2017-05-14 03:09:39,Annnd today we further divide the races. ,,Jeff_Mansen,1300
1683,0,WhitePeople,8.6359323398452E+017,2017-05-14 03:14:06,I hate all of you  ,,gooberfat,1292
1938,0,,8.63593465061548E+017,2017-05-14 03:15:01,We gonna act like the baby ain't about to drink bleach? ,https://twitter.com/ian_mckelvey/status/863547009520750592,Wonder_Kid4,1286
51,34,WhitePeople,8.63591839714226E+017,2017-05-14 00:13:38,Most  aren't all that privileged. Everyone has their advantages and disadvantages and it has nothing to do with race.,,nicc44,1284
937,0,WhitePeople,8.63592602653819E+017,2017-05-14 03:11:35,Without  Our Country Will Become A Third World Country. ,,GenaroPerez,1283
1756,96,WhitePeople,8.6359329285582E+017,2017-05-14 00:03:18,  How White People live in South Africa so they don't get murdered while in their own homes. ,,RedPilled88,1275
2024,0,,8.63593528785613E+017,2017-05-14 03:15:16,Also why he use Wikipedia that website not even school approval anymore and that's really saying something cuz the school system is trash ,https://twitter.com/i/web/status/863593528785612800,DavisKarrissa,1273
1633,1,beproudofwhoyouare,8.63593189978059E+017,2017-05-14 03:07:43,Are awesome üëè get to know them. Proud to be one and of Irish üçÄ and Scottish descent. üôèüá∫üá∏üòâüëçüòòüòçüíÉüåπüëå ,,EnvyMeGreatly,1271
1882,1,whitepeople,8.63593414478238E+017,2017-05-14 02:35:00, best people,,DaimonLord,1268
647,376,WhitePeople,8.63592349603156E+017,2017-05-13 21:15:58,The most truth I've ever heard from a white man.  ,,RamelSeven,1258
56,25,WhitePeople,8.63591747414352E+017,2017-05-14 01:59:03,"When  claim they're ancestors freed slaves but conveniently forget over 50,000 BM died in the Civil War‚Ä¶ ",,jansco3283,1250
1344,0,,8.63592953381622E+017,2017-05-14 03:12:59,"Fact that ur white, wearing a MAGAt hat, and u know that's a white supremacist gang sign seems to say it all!   ",https://twitter.com/i/web/status/863592953381621761,PPapaPolitics,1245
2067,50,Whitepeople,8.63593566366425E+017,2017-05-14 01:05:03, is trending. Somewhere a SJW is making the case that ALL whites are bad... while telling them not to generalize other races ;),,ddrm2017,1243
2013,0,,8.63593519709131E+017,2017-05-14 03:15:14,Oops.. it was also altered by white people. Thanks for playing ,https://twitter.com/hoefunk/status/863592799534448640,Imperfect10n,1237
8,341,WhitePeople,8.63591703424496E+017,2017-05-14 02:08:39,"I am proud to be a white Christian male. 

",,larrydb86,1236
119,162,WhitePeople,8.6359188877074E+017,2017-05-13 23:25:55,"Picture a world without any . 

No, literally picture it... ",,LoveOurPeoples,1235
307,68,WhitePeople,8.63592042060018E+017,2017-05-14 01:13:14, don't riot in the streets when a cop shoots a white person.,,Mindy4110,1221
7,0,"Eurovision, UFC211, Portugal, WhitePeople",8.63591702577136E+017,2017-05-14 03:08:01,"Obama: ""We're Training ISIL""   i   ",http://www.youtube.com/watch?v=p2NkjNvwuaU,TrishaSuprabhat,1220
43,0,"Eurovision, UFC211, Portugal, WhitePeople",8.63591738778059E+017,2017-05-14 03:08:09,George Soros wants to bring down Europe√¢‚Ç¨‚Ñ¢s borders   i   ,http://hwww.youtube.com/watch?v=FGi_e3RDbeQ,TopzShriraj,1216
746,0,whitepeople,8.63592434160239E+017,2017-05-14 03:10:55,"""Don't poke the bear"" when  get angry, countries get taken over, people get put in chains, gas chambers, climate changes. üôÖüèæ‚Äç‚ôÇÔ∏è ",https://twitter.com/i/web/status/863592434160238597,TBoulderbone,1215
283,18,WhitePeople,8.63592029971808E+017,2017-05-14 02:13:14,"If you wanna know why trump won
Just look at   trending 
Blatant anti white hatred has caused them to vote for their survival",,richdiet_mel,1211
678,16,"Nascar, WhitePeople",8.63592377080042E+017,2017-05-14 00:49:30,"When J.J. Watt, , &amp;  all trend at the same time, you know it's a good day.",,pkellyshock,1210
96,0,vision,8.6359186781168E+017,2017-05-14 03:08:40,"Trump was right. 
Civil war didn't have to happen.

 ",https://twitter.com/Stevenwhirsch99/status/863530686929670146,iamThebot,1209
483,1,WhitePeople,8.63592201061777E+017,2017-05-14 03:08:19, YOU ARE FUCKING BAD-ASS ,,gbmrhino,1207
39,23,Whitepeople,8.63591831463973E+017,2017-05-14 02:13:28,This never gets old ! @TruePat25 I'm dying bro ! üòÇüòÇüòÇüòÇ  ,https://twitter.com/TruePat25/status/863571309401387009,papjimsun,1188
29,34,WhitePeople,8.63591725037748E+017,2017-05-14 01:26:12,"For some little kids, President Trump is their first white president ",,JoCastiglione,1186
10,103,,8.63591708923093E+017,2017-05-13 23:55:33,People immigrate to predominantly white countries because that's the only way to benefit from the resources you sto‚Ä¶ ,,hummingrain,1180
15,0,WhitePeople,8.63591812773978E+017,2017-05-14 03:08:27,@Rambobiggs Damn proud to be a white male!  My white privilege is to trigger mental libtards with fact not fiction!,,alpha_broder,1175
1056,1,whitepeople,8.63592704956965E+017,2017-05-14 02:12:09,That moment  find out the black women is god ,,Ashamed2BeWhite,1173
398,2,WhitePeople,8.63592126067638E+017,2017-05-14 01:57:48," sad thing is,liberal white ppl are stoking the fire, cause they don't want to be called racist, even then, they still are lol",,RicksRant,1171
1300,24,WhitePeople,8.63592917448917E+017,2017-05-14 02:33:04,I see  trending and I'm just like ,,OtherMomo,1169
54,133,WhitePeople,8.63591842528592E+017,2017-05-14 00:43:41,Dear  thank you for landing a man on the moon and returning him to Earth safely. ,,greg_a_elliott,1158
1595,0,WhitePeople,8.63593163532915E+017,2017-05-14 03:13:49," SAVED the Entire World, more than once...",,LauraWilsonGal,1157
36,287,,8.63591826061631E+017,2017-05-13 23:34:01,I am a proud white Christian conservative &amp; I have not one iota of white guilt. I love being Deplorable‚Ä¶ ,,wildmaresnw_b,1153
991,1,,8.63592649772736E+017,2017-05-14 02:31:13,"If I wasn't White, I would hate White people too!üòÇ ",https://twitter.com/bakedalaska/status/863576762801717252,AnnaApp91838450,1147
1914,1,WhitePeople,8.63593438981362E+017,2017-05-14 02:34:38,"Dear ...

Have a Dr. Pepe! ",,DaimonLord,1144
551,0,,8.63592251963752E+017,2017-05-14 03:10:12,the only good thing about this tag trending is that all the closeted racists and homophobes are getting exposed  ,https://twitter.com/i/web/status/863592251963752448,ethrealjk,1135
489,0,whitepeople,8.63592207869149E+017,2017-05-14 03:10:01,@eazylori The people dogging white people and getting mass amounts of retweets are using bots. LLOL.  ,,pamleahh,1133
1079,0,,8.63592721226891E+017,2017-05-14 03:12:04,He's an elitist white French snob! He will lecture us all about diversity but will live like all hypocrites quite differently! ,https://twitter.com/i/web/status/863592721226891264,AndrewManagh,1131
1978,2,,8.6359349917791E+017,2017-05-14 01:40:44,that lil homie in the back bout to commit sewer side ,https://twitter.com/ian_mckelvey/status/863547009520750592,MDMAzing666,1127
1358,23,WhitePeople,8.63592962793456E+017,2017-05-14 02:29:09,Your lack of melanin is not your undoing just like my blackness is not a threat to your existence    ‚úäüèª‚úäüèº‚úäüèΩ‚úäüèæ‚úäüèø,,DianeQ13,1123
439,0,whitepeople,8.63592158560834E+017,2017-05-14 03:09:50,I fell off my bike today it was all  's fault,,chase_wsu,1110
506,23,,8.6359221803205E+017,2017-05-14 02:02:45,"This liberal doesn't know that Africans were selling each other as slaves well before. Not bringing their best, fol‚Ä¶ ",,TradCon,1104
231,0,"bigly, WhitePrincess, whiteprivelge",8.63591991610933E+017,2017-05-14 03:09:10, accomplishments. Took tremendous work and sacrifice.   Dont see you on @TIME influencers list. . ,https://twitter.com/i/web/status/863591991610933249,DaTronaldDump,1098
299,0,"WhitePeople, tcot, WhiteGenocide, AltRight, BLM",8.63592039346295E+017,2017-05-14 03:09:21,"@MarkDice Why I Hate White People - by Eric Allen Bell 

    ",https://ericallenbell.com/2017/02/11/why-i-hate-white-people/,EricAllenBell,1095
1965,0,WhitePeople,8.63593490264895E+017,2017-05-14 03:15:07,"Democrats trending ..you know, bc their racism has worked out so well in the past..RME All they have is hate &amp; bigotry.",,NeverHildabeast,1091
13,296,WhitePeople,8.63591711313994E+017,2017-05-14 00:21:46,This is  version of morgan freeman. ,,RhiannonDrewIt,1090
424,92,whitepeople,8.63592149731947E+017,2017-05-14 00:24:51,"if you want your heart to palpitate in anger, visit the  tag",,Scrotommy,1083
857,0,WhitePeople,8.63592540183966E+017,2017-05-14 03:11:21,"@LordManhatthan_ Copy/tweet:  nice to finally see a positive hashtag. As a black man, I have to say that blaming whites for everything is weak.",https://twitter.com/i/web/status/863592540183965697,BlackMesa1998,1079
388,3,"YouWillNotEraseUs, SaveLeeAndJackson, WhitePeople",8.63592120589967E+017,2017-05-14 02:57:10,"We're back! 

 
 
 ",,Frankish_Hammer,1075
493,11,WhitePeople,8.63592209924452E+017,2017-05-14 02:29:43,"Dear 

If you have eternal guilt over what happened 150 years ago

Then the problem isn't slavery

The‚Ä¶ ",,Danturn90329501,1073
1823,0,WhitePeople,8.635933581863E+017,2017-05-14 03:14:36, &lt;&lt; this is a good hashtag to checkout because you can easily see all the white supremacists that need blocked!,,mcspocky,1070
291,0,WhitePeople,8.63592035307201E+017,2017-05-14 03:09:20,Guilty leftists  today are much worse than white leftists who owned slaves. The guilt isn't elevating any minorities.,,MuslimLTrump,1067
561,78,WhitePeople,8.63592258003771E+017,2017-05-13 21:19:55, The Act 1871 Look It Up Anything After That Act Was Done By A Corporation And Not The Republic.‚Ä¶ ,,Harrytfoster1,1064
31,150,,8.63591728275698E+017,2017-05-14 01:56:58,I know y'all see the ba...nvm ,https://twitter.com/ian_mckelvey/status/863547009520750592,NonchalantJu_,1062
1582,0,WhitePeople,8.63593151352779E+017,2017-05-14 03:13:46,Race is a social construct and also I hate ,,RacistAnneFrank,1061
49,0,,8.63591743974932E+017,2017-05-14 03:08:11,Hellooo Hal (Shakesphere_G) ,https://twitter.com//Shakesphere_G/status/863590738822672384,giveawaytrigy,1056
1936,0,idiot,8.63593459084604E+017,2017-05-14 03:15:00,It's HILLARYüôÑ  ,https://twitter.com/ariccougar/status/863592973845413889,PersistResist00,1054
1073,1,WhitePeople,8.63592718261473E+017,2017-05-14 02:52:36, hastag has white people going full fledged white supremacist. Lol.,,JDVandersnoot,1046
60,44,WhitePeople,8.63591752875245E+017,2017-05-14 02:19:34," invented air conditioning, automotive airbag, airplane, airship, alphabet and so much more",,Purrpatrol,1045
77,0,,8.63591855182586E+017,2017-05-14 03:08:37,"No, Kayla, ur just white. ",https://twitter.com/lxrdkayy/status/863582760182657025,cdjulian98,1037
1221,3,WhitePeople,8.63592840118588E+017,2017-05-14 02:35:30,8 more years libtards! We are making this country great again! ,,DaimonLord,1029
376,0,,8.63592106496975E+017,2017-05-14 03:09:37,"Because the @DNC enticed them with freebies that have now enslaved them, but @realDonaldTrump like Lincoln will free them again. ",https://twitter.com/i/web/status/863592106496974848,VeteranOfUSAF,1019
25,12,WhitePeople,8.63591723397722E+017,2017-05-14 02:43:54," 

Oppressed? We ARE the oppressors. Have been for centuries. If you are White and think you are oppres‚Ä¶ ",,Unity_Coach,1015
6,29,,8.63591805543121E+017,2017-05-14 02:06:45,"Yes, and political parties have not changed over 154 years. ",https://twitter.com/peddoc63/status/863572607152607232,Shalom555222,1012
2055,0,WhitePeople,8.63593554907673E+017,2017-05-14 03:15:22, is the worst tag I've ever seen. There is so many other things to be fighting about. Like why does Flint still have no water.,,_Farron13,1011
2122,16,WhitePeople,8.63593610880717E+017,2017-05-13 23:01:08, So thoroughly insufferable that the entire rest of the world is clamoring to come live in the societies we build.,,Rahl_Idaho,1008
823,1,whitepeople,8.6359249755725E+017,2017-05-14 03:07:34,why is  trending what yall do now,,mostdetermined1,1002
64,150,whiteprivilege,8.63591756763365E+017,2017-05-14 01:03:01,Just a little TB on  and the Clintons. Marine confronts Bill Clinton on his lying wife Hillary.‚Ä¶ ,,OneofeachBrown,1000
1061,0,WhitePeople,8.63592707394072E+017,2017-05-14 03:12:00,Focus on character that's more important than race. Genuine hearts bring people together.  ,,RehatMannan,995
1964,0,WhitePeople,8.63593489522492E+017,2017-05-14 03:15:07,"Just as the failed presidency of obama does not mean all blacks are bad, don't judge all  by the awfulness of hilary clinton.",,AricCougar,994
1831,0,WhitePeople,8.63593369104241E+017,2017-05-14 03:14:38," hey, i just need to know who is claiming @Eminem ??",,Tbenninghofen,991
2009,1,WhitePeople,8.6359351819477E+017,2017-05-14 01:41:28,"The racist, blame  for everything, identity politics strategy is literally how you got Trumped. ",,kdkrnf,990
92,9,"JudgeJeanine, WhitePeople",8.63591865546719E+017,2017-05-14 01:38:07, digs for the truth in @FoxNews interview w me.  ,,Soul_Be_It,988
744,0,WhitePeople,8.63592433140941E+017,2017-05-14 03:10:55,@disspat On the backs of others that are not ,,ONLY1SPIRIT,975
174,0,WhitePeople,8.6359194543992E+017,2017-05-14 03:08:59,"In the 40s, Dems demonized Asians.
Until the 60s, Dems demonized African Americans.
Today, Dems demonize .
And we're deplorable?",,MillsBonn,970
1870,0,WhitePeople,8.63593404571234E+017,2017-05-14 03:14:47, have the best countries. That's where all the non whites flock to,,The_Dr_Caveman,965
1284,0,WhitePeople,8.63592904819962E+017,2017-05-14 03:12:47,I swear to fucking god all this racist  stuff Progressives are doing is just gonna create more white supremacists.,,lupemedia,960
751,0,,8.63592438690132E+017,2017-05-14 03:10:56,The comments on this shows how whacked people are. üëåüëåüëåüëåüëå ,https://twitter.com/lxrdkayy/status/863582760182657025,MiddleUSA,943
690,0,WhitePeople,8.63592388937363E+017,2017-05-14 03:10:44,"Proud of my culture, Proud of my people's history. B4 America there was no end to slavery in sight. Slavery? We shut it down ",,NotATrollololo,939
1774,0,WhitePeople,8.63593314678973E+017,2017-05-14 03:14:25, WARNING: *zombie alarms in movie rings*** üò∑üò∑üò∑üò∑üò∑üò∑üò∑üò∑üò∑üòàüò∑üò∑üòàüò∑üòàüò∑üòéüòéüòàüòàüòàüòàüòàüò∑üò∑üò∑üò∑üò∑üò∑üò∑üò∑üò∑üò∑üò∑üò∑üò∑üò∑üò∑üò∑üò∑üò∑üò∑üò∑üò∑üò∑üò∑üò∑üò∑üò∑ jkjk,,Mo__vargas,937
1275,0,WhitePeople,8.63592895474835E+017,2017-05-14 03:12:45,@costlylovewins  ended slavery and that is enough.,,sadsupremacist,933
448,205,WhitePeople,8.63592169168417E+017,2017-05-14 01:41:53,"I love my whiteness. And yours.
",,rpmmasaya,932
1602,18,WhitePeople,8.63593169010774E+017,2017-05-13 23:53:26,Trying to understand why  feel so oppressed: ,,Unity_Coach,931
1515,0,whitepeople,8.63593106775605E+017,2017-05-14 03:13:36,was is  trending ,,zagthehuman,930
1368,0,whitepeople,8.63592973845414E+017,2017-05-14 03:13:04,hilary clinton is not a good role model or example of  - do not judge a whole race by how disgusting and vile she is.,,AricCougar,927
943,45,WhitePeople,8.63592609343779E+017,2017-05-14 00:24:03,", never apologize for who you are! ",,KaiserJames,926
1210,0,WhitePeople,8.63592833315475E+017,2017-05-14 03:12:30,"üòí  On Being Black, 'Woke,' And Dating White People ‚û°Ô∏è ‚û°Ô∏è  ",http://clasificadosformosa.com/searching/economy/2?k7b0g2f,raquelmoranow,924
250,1867,WhitePeople,8.63592008597852E+017,2017-05-13 22:52:30, is trending - which is the perfect excuse to post this again. ,,Austinhouse58,923
1046,0,WhitePeople,8.63592690763616E+017,2017-05-14 03:11:56,"Jesus,  , you are embarrassing sometimes. ",,3illSweet,919
1720,1,,8.63593261226533E+017,2017-05-14 02:34:17,Who were the ones that enslaved them again? ,https://twitter.com/stevenwhirsch99/status/863530686929670146,j_september5,914
300,165,,8.63592039828476E+017,2017-05-13 22:00:39,"Dear African Americans - he lied to you. Our common struggle is not about race, it is against unrestrained globalis‚Ä¶ ",,CraigSt89673246,911
531,0,WhitePeople,8.63592237636227E+017,2017-05-14 03:10:08,"People assume the Black Guy Dies First in horror movies, but in actuality its the  couple that make out/have sex=1st victim.",,StriderXanthos,910
2089,0,WhitePeople,8.63593580211949E+017,2017-05-14 03:15:28," Can't we all be a part of one race, the human race.",,2020_1st,906
854,1,WhitePeople,8.6359253160242E+017,2017-05-14 02:55:45, don't own America I guess. ,,THEMALCOLMALI,905
207,35,WhitePeople,8.6359196871843E+017,2017-05-14 02:23:50, are tending! Did  @PewDiePie upload a new video? ,,kAYLOUISMAN,904
911,131,WhitePeople,8.63592587491512E+017,2017-05-13 22:04:16, our culture is so beautiful it's the stuff of fairy tales ,,RedPilled88,902
1110,0,,8.63592743746056E+017,2017-05-14 03:12:09,"They don't want to rekindle it, they literally want war with Russia!!  Just ask resident twitter lunatic @LouiseMensch ",https://twitter.com/i/web/status/863592743746056192,pauly8m3,901
1699,1,"WhitePeople, blackpeople",8.63593244592144E+017,2017-05-14 02:56:30,"Dear ,  can be racist too. So lets link up and love one another to show racism is something that doesn't exist..",,ewefunny,899
87,102,WhitePeople,8.63591862652863E+017,2017-05-14 00:27:16," were also slaves throughout history.

Don't forget what they didn't teach you in public school. ",,TheFunEndsNow,891
926,0,WhitePeople,8.63592598887428E+017,2017-05-14 03:11:35,Remember during the Obama presidency when almost EVERY SINGLE DAY  were being ridiculed and vilified on Twitter?,,dmcparson,890
315,5,,8.63592045608403E+017,2017-05-14 01:19:04,I don't have any white guilt..my ancestors fought to free slaves not buy them!! I fought hard in 60s for equal righ‚Ä¶ ,,mike_felan,880
358,0,WhitePeople,8.63592084669964E+017,2017-05-14 03:09:32," , black people...God loves us all the same. Even if we don't",,m5drummer,879
222,1,,8.63591985642316E+017,2017-05-14 02:59:45,You do NOT speak for me. Canada will build a wall to keep us out and I don't blame them. We are deplorable.‚Ä¶ ,,TheWhiteRose18,877
923,0,WhitePeople,8.63592593405481E+017,2017-05-14 03:11:33,"White people:  is so racist!

Twitter: wHiT3 P3oPle iS s0 RaCisT!",,Gravity_Angel,871
1541,1,"WHITERAPPER, WHITEPEOPLE, WHITE50, TOPTWEET, PROMOTION, KILLALLWHITEPEOPLE, LETMYSIDEBITCHHITYOU",8.63593124211429E+017,2017-05-14 03:03:24,THE TAKEOVER        ,,annajeancabrera,857
1689,4,,8.63593236950122E+017,2017-05-14 03:00:04,delete this ,https://twitter.com/slfrexit/status/863535812725616640,DViguana,854
182,1,"WhitePeople, WhitePeople, Racist, Democrats, Liberals",8.63591950301241E+017,2017-05-14 02:58:03,@JaynePenelope When  call other   then you know they're  or  ü§î,,Verity2016,852
1411,6,,8.63593016153354E+017,2017-05-14 02:52:13,George I think the GITMO has a cell waiting for youüò°üò°üò°üò°üò° ,https://twitter.com/Cali_Deplorable/status/863528935035813889,rafat777,839
639,189,WhitePeople,8.63592334340043E+017,2017-05-13 23:54:19,It's funny that making fun of  is funny but doing it to other races is all of a sudden racist. Confused anybody????,,NataliaKassin,836
311,0,WhitePeople,8.63592043892793E+017,2017-05-14 03:09:22," did some good shit and also some bad shit
Imagine that",,thejman222,823
1416,8,"Trump, SlutWifeTrainingAcademy, MothersDay",8.63593020347867E+017,2017-05-14 01:25:49,'s  is finishing up across the country just in time 4  Please help these p‚Ä¶ ,,darkkinky69,821
1547,0,whitepeople,8.63593127566647E+017,2017-05-14 03:13:41,Modern day KKK shit...period  ,https://twitter.com/craftypanda/status/863562608871428096,d_o_beatz,819
1579,0,WhitePeople,8.63593149926707E+017,2017-05-14 03:13:46,Why is   trending?,,MegaBeefBowl,810
1755,0,whitepeople,8.63593292151358E+017,2017-05-14 03:14:20,Goin thru  tag reminds me of the episode of fairly odd parents when everyone was gray blobs bc they're all saying the same shit,,OfficialAsshole,803
1709,0,WhitePeople,8.63593251961536E+017,2017-05-14 03:14:10,I think cultural appropriation should work both ways for those who advocate it - I wonder what their life expectancy would be. ,,OrwellNGoode,795
520,0,"whitepeople, 2A, Antifa, Commie",8.63592229297848E+017,2017-05-14 03:10:06,"

45 rules/how to destroy America 
   ",http://www.rense.com/general32/americ.htm,cdhl82,794
1216,0,WhitePeople,8.63592834921669E+017,2017-05-14 03:12:31,White women are tired of being fucked with if ya don't wanna get slapped like a bitch leave me alone lol ,,Felisha83819049,792
1215,128,,8.63592836071137E+017,2017-05-13 22:27:48,@bedtsvesta @porfie_moreno @ThereseOSulliv2 @bluewater77036 @MarciTriggs @TheStandingTire @4TheJerseyKid‚Ä¶ ,,TheFunEndsNow,789
239,86,"WhitePeople, democrat",8.63591998179115E+017,2017-05-13 23:03:03," finally getting wise to the fact that today's  party is a 100% anti-white, 100% anti-Christian political party.",,bonartgl,776
1955,2,"WhitePeople, Progressive, Snowflake",8.63593481457082E+017,2017-05-13 22:22:14, = another stupid   crytag to start arguments and create division. Shame on progressives.,,nanaluvsthree3,774
386,5,,8.63592117893038E+017,2017-05-14 02:39:35,That damn baby bout to drink clorox cuh ,https://twitter.com/ian_mckelvey/status/863547009520750592,petty_marshall,771
1739,0,whitepeople,8.63593281564824E+017,2017-05-14 03:14:17,"@greeneyes0084 Because  are bombing the shit out of their homes, schools, hospitals &amp; more, for oil/resources. Sorry you forgot that.",https://twitter.com/i/web/status/863593281564823554,Sabiduria_LA,769
1499,1,WhitePeople,8.63593089255883E+017,2017-05-14 02:05:22,I don't even see insults towards white people in the  hashtag. Just white people patting themselves on the back...,,No_Poswow,763
681,0,,8.63592378183168E+017,2017-05-14 03:10:42,Unless U stood w/the Panthers back in the day....then u have no idea abt the mvmnt. I MARRIED A PANTHER! Keep urself in ck of what ur saying ,https://twitter.com/i/web/status/863592378183168000,SfPar49ers,751
3,1,,8.6359180433945E+017,2017-05-14 03:06:59,"you show those black people who's boss, champ ",https://twitter.com/Tragic_Meme/status/863591264918396928,CrankyShmanky,750
1542,0,WhitePeople,8.63593123762622E+017,2017-05-14 03:13:40, who never lived during slavery are still paying for slavery. Blacks who never lived during slavery still receiving for slavery ,https://twitter.com/i/web/status/863593123762622466,Leppycole,749
1652,39,WhitePeople,8.63593204859494E+017,2017-05-13 22:12:09, invent penicillin ,,TheFunEndsNow,746
1844,0,"BlackPeople, WhitePeople",8.63593378864185E+017,2017-05-14 03:14:40,@CommanderValent Black people spotted in their natural habitat. üëèüèª   ,,TheTrut38677722,744
1868,2,,8.63593402297983E+017,2017-05-14 02:17:36,I thought he was supposed to b eating seaweed like his wife's lunch menu for kids ,https://twitter.com/jamieb373/status/863526230825611266,jamieb373,741
1710,0,WhitePeople,8.63593250988245E+017,2017-05-14 03:14:10,The culture  is garden gnomes.,,pepeleehay,737
995,0,,8.63592653220446E+017,2017-05-14 03:11:47,"You have ""üö´H8"" in your name but you just tweeted a very hateful thing toward white people.

??????? ",https://twitter.com/costlylovewins/status/863584775101140993,TechBug2012,736
1985,0,whitepeople,8.63593502554325E+017,2017-05-14 03:15:10,"It starts with a scarf and ends with no freedom left. Choose Your fate  this is a war.  A religion war, a race war, a world war! ",https://twitter.com/i/web/status/863593502554325001,ThirdReiched,731
1974,0,"WhitePeople, PeopleDemocratsHate",8.63593497873592E+017,2017-05-14 03:15:09, is trending.  is probably trending too.,,jtkola,720
1008,1,,8.6359266354681E+017,2017-05-14 02:39:26,"I don't know which is more disturbing, the kid as a prop in this picrure or 892 followers with just 20 tweets. ",,peterdrysdale1,715
556,226,"WhitePeople, Trump, cartoons",8.63592255172616E+017,2017-05-13 22:55:25,"Racist liberals, stop the hatred of  who support  &amp; want limited government - ‚Ä¶ ",,BrucePembor,714
715,112,WhitePeople,8.63592407715152E+017,2017-05-13 22:28:38,"Hey ,

Don't let anyone tell you that you're worth less because of your skin color.

Oh &amp; you can be ra‚Ä¶ ",,RedPilled88,713
2077,26,,8.63593571751838E+017,2017-05-13 22:51:45,"Sorry, I'm not oppressed. ",https://twitter.com/defineamerican/status/863505499047817216,Austins_coffee,695
2010,0,WhitePeople,8.63593519134519E+017,2017-05-14 03:15:14, invented unicorns ,,anthonycasey2,690
1037,17,WhitePeople,8.63592685034254E+017,2017-05-14 02:40:29,"

Have been oppressors &amp; exploiters for centuries. Committed genocide &amp; enslaved POC. Some of us are tr‚Ä¶ ",,Newsericks,689
57,215,WhitePeople,8.63591748957647E+017,2017-05-14 02:17:17,"The only colors that matter are: red, white and blue.üá∫üá∏
 ",,ktd101551,685
1801,0,WhitePeople,8.63593342134825E+017,2017-05-14 03:14:32," 
Y'all are truly a mess. ",https://twitter.com/craftypanda/status/863562608871428096,Lesbihonestx3,681
2084,1,WhitePeople,8.63593575921181E+017,2017-05-14 02:52:15," created the Internet to give people the free speech to say stupid shit, it's not racist, it's known fact Africans have lower IQ",,JDVandersnoot,678
193,128,WhitePeople,8.63591958052319E+017,2017-05-14 00:12:14,"And to think, this is only the beginning - believe me. Hail victory!

 ",,TheFunEndsNow,677
1986,1,"WhitePeople, WhitePeople",8.63593505033212E+017,2017-05-14 02:55:50," - Learn about your ancestors
 - Take Your Greatness Back
üïØÔ∏èüïØÔ∏èüïØÔ∏èüïØÔ∏èüïØÔ∏èüïØÔ∏èüïØÔ∏èüïØÔ∏èüïØÔ∏èüïØÔ∏èüïØÔ∏èüïØÔ∏èüïØÔ∏è
üïØÔ∏èüïØÔ∏èüïØÔ∏è‚Ä¶ ",,ewefunny,675
2037,0,"WhitePeople, RINOs, draintheswamp",8.63593538218545E+017,2017-05-14 03:15:18,@OMFGNN @SenJohnMcCain Donors own your husband. These donors are mostly .  ,,MyrnaKing,671
1458,9,Whitepeople,8.63593053868741E+017,2017-05-14 02:47:06,I find it funny liberals point fingers at everyone else for being racist. Then they go make hashtags like  promoting racism.,,VSigourney1,665
598,0,,8.63592295442022E+017,2017-05-14 03:10:22,"""Thaaat's Right""...""You Know It's True""...
Wake Up Sheeple &amp; Stop Drinking The Left's ""Fool-Aid"" !!! ",https://twitter.com/PrisonPlanet/status/863527400679800834,Saddlebags6969,663
492,1,,8.63592209244926E+017,2017-05-14 03:09:42,"The Democratic Party today is not the Democratic Party from 100-150 years ago, same with the Republican Party...‚Ä¶ ",,AlternatFacts,659
243,0,WhitePeople,8.63592001035538E+017,2017-05-14 03:09:12,@SonofLiberty357  are often seen giving donations to the homeless- skin color irrelevant... &amp; It's not the libs folks! Wise up &amp; Stop the hating.,https://twitter.com/i/web/status/863592001035538432,RealChaseTx,658
1766,1,"mutuals, WhitePeople",8.63593306764092E+017,2017-05-14 02:50:49,"It doesn't matter who you are , help love and respect each other  ",,paledenzel,657
614,66,WhitePeople,8.63592308771521E+017,2017-05-14 01:09:09,Dear  be proud of Who You Are and never apologize for it. ,,DumDems,647
819,78,WhitePeople,8.63592494038041E+017,2017-05-14 00:37:09,"Those tweeting about the greatness of  believe they contributed simply by being white.

They are admitting their privilege.",,UnarmedBlack,642
1992,0,WhitePeople,8.63593510024471E+017,2017-05-14 03:15:12,"Dear  please stop seasoning your chicken with water then start complaining about how it's ""too spicy""",,ismaelarod,641
1378,0,Whitepeople,8.63592981730914E+017,2017-05-14 03:13:06,I want to go in the  tag but I'm scared lol ,,cook2020,640
47,514,"WhitePeople, Flint",8.63591837788975E+017,2017-05-14 00:40:05," is trending...ok how about this. 
, Michigan has been without clean water for 1,114 days.‚Ä¶ ",,The_BKC,639
232,145,"WhitePeople, BlackPeople",8.63591993368351E+017,2017-05-14 00:58:05,Btw I grew up in NYC where  both  &amp;  got along &amp; we still do.Democrats are the ones that want us fighting each other,,noraconnor89,635
33,0,WhitePeople,8.63591824195076E+017,2017-05-14 03:08:30,"If you're  and anti- black lives matter, lgbtq+, and planned parenthood, we can't be friends. k bye!",,LoLolWhoAreYou,626
186,6,WhitePeople,8.63591954076095E+017,2017-05-14 03:06:58,If we brand all  as racists we are no different than bigots who brand all Muslims as terrorists.,,WhipMeJuarez,625
451,0,"WhitePeople, tcot, WhiteGenocide, AltRight, BLM",8.63592170573505E+017,2017-05-14 03:09:52,"@RapinBill Why I Hate White People - by Eric Allen Bell 

    ",https://ericallenbell.com/2017/02/11/why-i-hate-white-people/,EricAllenBell,623
1342,26,WhitePeople,8.63592953356443E+017,2017-05-13 23:45:10,This trend  ,,Shoegame_Shaq,620
73,1,Whitepeople,8.63591852867453E+017,2017-05-14 03:03:57,When you see  is trending and ur like shit what did we do this time,,mrablugh1,618
70,10,"DIVERSITY, WhitePeople, WhiteGenocide, StandUpForEurope",8.63591851042984E+017,2017-05-03 20:15:07,"üê∞ means fewer ,   ",,ATL_K_D,614
373,33,,8.63592102441218E+017,2017-05-14 02:14:02,Sheila Jackson looks good for her age. I guess she was owned by a Democrat because not one Republican owned slaves.‚Ä¶ ,,lakeemk,613
524,0,,8.63592232032641E+017,2017-05-14 03:10:07,RT When you see it ,https://twitter.com/ian_mckelvey/status/863547009520750592,KINGxSLQ,611
1317,1,WhitePeople,8.635929314915E+017,2017-05-14 02:38:00, stop buzzing us in your flying machines! ,,DaimonLord,604
145,3,WhitePeople,8.63591918999155E+017,2017-05-14 02:41:58,"This group of  is an embarrassment and representative of the ""maga"" crowd: Let's hope they never breed. ",,Momof15,602
443,15,WhitePeople,8.63592165007602E+017,2017-05-14 01:55:06,Can't relate  ,,Swagsanbaig,598
469,121,WhitePeople,8.6359218752258E+017,2017-05-13 22:50:25,Liberals love promoting racism against ,,TradCon,591
48,215,WhitePeople,8.63591743920407E+017,2017-05-13 23:53:15,Love yourself  ,,LoveOurPeoples,586
1711,0,,8.63593252196426E+017,2017-05-14 03:14:10,What ,https://twitter.com/lxrdkayy/status/863582760182657025,vitahydro,585
118,0,WhitePeople,8.63591888330383E+017,2017-05-14 03:08:45,"Any Dear White People know where I can find some of that  ""PRIVILEGE"" at???",,DeplorableKash,582
540,0,"UFC211, zacbrownbandlive, WangoTango, WhitePeople, CHIvSEA",8.63592245668217E+017,2017-05-14 03:10:10,Ariel Winter Browsin' Houses with BF    Bobby Ryan    Aric,http://oscrape.com/p/208293,Officialoscrape,580
272,0,WhitePeople,8.63592021918761E+017,2017-05-14 03:09:17, cr aged Western civilization and America. They are great people. Why do liberals hate them? I say his as a Latino,,PacoMaga1,574
43,0,"WhitePeople, wtf",8.63591832655208E+017,2017-05-14 03:08:32," At least White Power isn't the trend, like who the fuck even started this one :p.. ",,BRBastion,572
1924,0,,8.63593447046783E+017,2017-05-14 03:14:57,"*murdered millions of native Americans and Africans while forcing the ones who survived to build the foundation of America?
 ",https://twitter.com/i/web/status/863593447046782977,HBtrueWave,568
64,185,,8.63591845317812E+017,2017-05-14 00:59:20,"I have a dream of a nation that people will not be judged by the color of their skin, but by the content of their c‚Ä¶ ",,omgness4real,566
2118,0,WhitePeople,8.63593606493417E+017,2017-05-14 03:15:35,It's funny how sensitive conservatives are. It takes one hashtag to trigger them. ,,dustindewayne26,562
542,1,,8.63592245898887E+017,2017-05-14 01:48:51,"I bet, the cops don't know about that. ",https://twitter.com/DTrumpExposed/status/863553289614487553,KevKevEM,561
774,1,,8.63592455781864E+017,2017-05-14 03:10:12,the only good thing about this tag trending is that all the closeted racists and homophobes are getting exposed‚Ä¶ ,,BTS_MinYoongiS,559
2060,0,,8.63593559366267E+017,2017-05-14 03:15:24,No it's because of the hat ,https://twitter.com/lxrdkayy/status/863582760182657025,mericanViolence,557
188,0,,8.63591955082686E+017,2017-05-14 03:09:01,Goodnight to everyone whose most valuable possession is either their phone or their sneakers. ,https://twitter.com/PrisonPlanet/status/863537657363738624,WingDynasty,556
486,0,,8.63592203355959E+017,2017-05-14 03:10:00,Because white supremacy is hilarious. ,https://twitter.com/lxrdkayy/status/863582760182657025,cynthiaboaz,551
1576,0,WhitePeople,8.63593146739036E+017,2017-05-14 03:13:45,"Can someone tell me why  is trending, I'm so confused",,eduard01_c,544
9,53,WhitePeople,8.63591703785112E+017,2017-05-14 00:52:21,Dear  &amp; Asians. Sorry if ur overqualified to be a doctor but you're simply not getting into med school‚Ä¶ ,,LoveOurPeoples,543
803,0,,8.63592477500093E+017,2017-05-14 03:11:06,I'm sorry but what the fuck are you stupid? Let's ask who the fuck enslaved them you disgusting ignorant entitled pig. How dare you ,https://twitter.com/i/web/status/863592477500092417,laur_uhh,542
1501,1,whitepeople,8.63593090862526E+017,2017-05-14 02:54:45,Me looking at this  üíÄüíÄüíÄ ,,THEMALCOLMALI,540
1123,5,WhitePeople,8.63592753761927E+017,2017-05-14 02:41:31,We have no use for anti-Whites. They hate  but use the White man's inventions daily. ,,RatedRampaige,537
54,0,whitepeople,8.63591746269086E+017,2017-05-14 03:08:11,"I am a white male, and I find all the people using the  hash to be deplorable. Shame.",,DexterousTom,531
927,0,whitepeople,8.63592600154014E+017,2017-05-14 03:11:35,"This  loves your tweet! Evolve people. We R all in this together, or we will not survive. This should be an obvious observation. ",https://twitter.com/i/web/status/863592600154013696,haterofgreed,530
1054,0,,8.6359270236511E+017,2017-05-14 03:11:59,"Welp, the American government had him murdered, so I we won't be able to test your stupid hypothesis.... ",https://twitter.com/mikandynothem/status/863536480215379968,Jsullhart,524
1818,0,WhitePeople,8.63593353967006E+017,2017-05-14 03:14:35,Don't have a problem with  unless they're racist or voted for Trump...but that's kind of the same thing,,mericanViolence,520
81,6,WhitePeople,8.63591858378822E+017,2017-05-14 02:53:55,@polNewsForever When  think they're superior ,,trillystonez,519
2080,0,WhitePeople,8.63593575266779E+017,2017-05-14 03:15:27, be crazy.,,LSAT62,506
129,414,WhitePeople,8.63591901970039E+017,2017-05-13 22:54:08,"I'm White Privilege‚Ä¶.

 ",,RonnieM3RM,500
61,0,"WhitePeople, IForgotToPackMy, Trump45, InconvenienceAFilm, MAGA, ButtHurtLiberals",8.63591843254108E+017,2017-05-14 03:08:34," ""Liberty University""        ",https://twitter.com/i/web/status/863591843254108160,AngieDaddy69,498
191,28,BackTheBlue,8.63591956743467E+017,2017-05-14 02:40:27,"I'm proud 2 be 
White 
Conservative 
Pro life 
Pro 2A 
Pro Military
and I  

I don't give a sh*t if that offends u ",,ktd101551,496
1614,0,WhitePeople,8.63593178628145E+017,2017-05-14 03:13:53,"Nobody can pull the ""qualified"" excuse on me when we see a Congress full of only  who stink at their job.",,ZakCMcGaugh,493
15,60,"WhitePeople, BlackPeople, TRUMP, MAGA",8.63591703772447E+017,2017-05-14 02:32:01, &amp;  LOVE !  ,,Ir2much4u,492
1362,59,WhitePeople,8.63592967180886E+017,2017-05-13 22:41:42, get 2 scoops of ice cream and everyone else gets 1 scoop.,,fix_not,489
35,0,"WhitePeople, worstpresidentever",8.63591731262099E+017,2017-05-14 03:08:08,Obama killed America and   .  Elected by idiots.,,dmspellman,486
1984,26,"DIVERSITY, WhitePeople, WhiteGenocide, StandUpForEurope",8.63593503372312E+017,2017-05-13 20:44:52,üê∞ means fewer .   ,,TheFunEndsNow,483
1386,0,"WhitePeople, BlackPeople, AsianPeople",8.63592989846798E+017,2017-05-14 03:13:08,"This is not about ,   etc. It's a spiritual matter. Many ppl take this as literal/rational‚Ä¶ it's beyond.",,Zartha9,481
1888,0,WhitePeople,8.63593418320208E+017,2017-05-14 03:14:50,people dont even know why this is trending and they  still offended by hashtag smfh ,,Ram_poudel1,480
537,10,WhitePeople,8.63592244565168E+017,2017-05-14 02:48:14,"We are back and we are really, really pissed off.  ",,KaiserJames,474
671,40,WhitePeople,8.63592367395402E+017,2017-05-14 02:07:58, is a hashtag Twitter pushes to incite hate. Ignore it.,,JoshhRothenberg,473
970,115,WhitePeople,8.63592629103198E+017,2017-05-13 21:54:43,"Suit up fam, we're taking over this hashtag   ",,RedPilled88,472
932,0,whitepeople,8.6359260302284E+017,2017-05-14 03:11:35,do i even want to know why  is trending?,,ursonate,469
11,68,WhitePeople,8.63591709518725E+017,2017-05-14 02:22:05,"The white people mad about the  hashtag, not realizing it's about a @DefineAmerican documentary, are proving its point. ",,Toonze_,468
1460,5,"Eurovision, WhitePeople",8.63593055474942E+017,2017-05-14 02:41:41,  @chuckschumer America's left boob üòè ,,MakeamGrate,451
543,297,"WhitePeople, dankmemes",8.63592247203422E+017,2017-05-14 00:29:29,"The ""misunderstood white boy"" starter pack   ",,Slade201192,449
1153,0,"WhitePeople, OrangePeople, MAGA",8.6359278609159E+017,2017-05-14 03:12:19,I dig  but what about  like Don da Con &amp; MAKE ASSHOLES GREAT AGAIN  ,,LubnaArikat,448
919,0,WhitePeople,8.63592590641377E+017,2017-05-14 03:11:33,I'm white and I have a job. Liberals just got triggered.  ,,StygianApothegm,447
16,25,WhitePeople,8.63591813902471E+017,2017-05-14 03:05:42,A Reminder.  ,,BeatoIvy,446
447,0,,8.63592168438542E+017,2017-05-14 03:09:52,Me too ,https://twitter.com/GoodeValorie/status/863585753976012800,timjohnson2345,443
1798,5,WhitePeople,8.63593336459977E+017,2017-05-14 02:30:51,SOMEONE PLEASE TELL ME HOW THIS IS RACIST ü§îü§îü§î  ,,irenalol,442
428,0,,8.63592150444855E+017,2017-05-14 03:09:48,"BOTS: All less than 200 followers, all saying the same thing, all drinking the Kool-aid. ",https://twitter.com/6bird4/status/863578663568191488,LilyNCali,439
1820,0,Whitepeople,8.6359335668072E+017,2017-05-14 03:14:35, and fuck your racist hashtag you racist bastards. ,https://twitter.com/Bigbobbalouie1/status/860296736799150081,Bigbobbalouie1,437
1949,0,,8.63593477942067E+017,2017-05-14 03:15:04,The land belongs to no one. It is controlled by the strong until someone else stronger comes along. ,https://twitter.com/reelsistas/status/863494125554937859,samdamon65,432
5,820,WhitePeople,8.63591701511909E+017,2017-05-14 01:29:48,Hateful liberals are using the hashtag  to promote racism against whites. Yet they claim republicans are the racist ones? ü§î,,OliverWest100,428
1470,181,"WhitePeople, GodBlessAmerica",8.63593065633722E+017,2017-05-13 23:34:08,It is an honor that  get under your skin and is trending..  Wear it as badge of honor people! üëç üá∫üá∏ üá∫üá∏,,Shalom555222,425
2050,0,,8.63593550402929E+017,2017-05-14 03:15:21,"We don't hate all white people, just Trump supporters. Your ancestors owned some of our relatives at one point. Your daughter is beautiful! ",https://twitter.com/i/web/status/863593550402928640,moneyjonze,424
1173,0,WhitePeople,8.63592804550811E+017,2017-05-14 03:12:24,"You know liberal racism has reached the point of insanity when white liberals are being racist to other whites. 
",,riyasharma266,422
149,0,,8.63591922283229E+017,2017-05-14 03:08:53,"Until the color of a man's skin is of no more significance than the color of his eyes, we will not know peace  ",https://twitter.com/i/web/status/863591922283229184,MoMaReen,421
91,0,,8.6359186329448E+017,2017-05-14 03:08:39,Do ppl not realize tht the 2 major parties essentially switched platforms?? Democrats supported the civil rights movement??? ,https://twitter.com/i/web/status/863591863294480384,yourgirlceleste,411
1519,0,WhitePeople,8.63593108910559E+017,2017-05-14 03:13:36, is trending.  Time to make myself mad looking through posts for no reason.,,Autumn_Craiggg,409
1892,0,WhitePeople,8.63593423185621E+017,2017-05-14 03:14:51," are weak, evil liars, thieves, cheaters &amp; deceivers. It's sad they will not accept it! I wish the natives had more fire power!",,itsjusentertain,408
356,60,whitePeople,8.63592084623815E+017,2017-05-14 01:10:11,Obama really really really liked   ,,Brendag38323989,406
79,331,,8.6359185764907E+017,2017-05-14 00:16:15,"I like my skin. It's part of who I am. But it comes w/ unearned privilege and failing to acknowledge it makes you an asshole.

",,harbend,405
304,19,WhitePeople,8.63592040193442E+017,2017-05-14 03:05:20,"Libs are just so desperate to bring back racism and sexism... They even want to rekindle the cold war.
",,LCMarsh2,404
192,137,"Democratic, WhitePeople",8.63591957330764E+017,2017-05-13 23:19:14,"New  Party Rules:
Must be pro abortion
Must be pro socialism
Must hate 
Must rely on Government vs God
Must hate USA",,killerkaush,402
559,0,WhitePeople,8.63592257500459E+017,2017-05-14 03:10:13,Nah.  We're just over being the scapegoat to 's woes.. ,https://twitter.com/riyasharma266/status/863533609499582464,AetherOfLove,399
262,0,"WhitePeople, CantSupportLiberalsOrTerrorists",8.63592016512336E+017,2017-05-14 03:09:16,When Liberals show hate of   it shows their true colors - The color of racism. ,,AricCougar,398
1952,0,,8.63593479515058E+017,2017-05-14 03:15:04,"""Mary, Mary, quite contrary,
How does your garden grow?
With silver bells, and cockle shells,
And pretty maids all in a row..."" ",https://twitter.com/i/web/status/863593479515058177,SMCADMAN,397
194,0,WhitePeople,8.63591957725159E+017,2017-05-14 03:09:02,"@_Makada_ Explain ""racism against .""  Easy to state; provide examples.",,BriereBear,396
1083,61,WhitePeople,8.63592723403637E+017,2017-05-13 23:17:10,"In today's society, there are more black racists than white racists.
",,meathouse60005,394
586,0,,8.6359228398329E+017,2017-05-14 03:10:19,"Those are Jews, you Zionist shill ",https://twitter.com/prisonplanet/status/863538346093576193,newspartan192,392
879,0,WhitePeople,8.63592557628068E+017,2017-05-14 03:11:25,"Not one is standing at the end of a street in any ghetto forcing black ppl n minorities to live in them, but we pay the rent ü§î ",,ShaunceDupree,390
498,0,,8.63592211358917E+017,2017-05-14 03:10:02,So true!!@Jrwoke ,https://twitter.com/mikandynothem/status/863536480215379968,thomastlcusic,389
720,0,,8.63592413071381E+017,2017-05-14 03:10:50,"After Poles kicked turkish asses during battle of Vienna, Turkey become one of the greatest friends of Poland in history. Never forget ",https://twitter.com/i/web/status/863592413071380482,dite_jan,388
1283,67,,8.63592903506969E+017,2017-05-14 00:53:53,Hey white folks complaining for no goddamn reason: shut the fuck up and read this thread. And tell me I'm wrong.‚Ä¶ ,,ltmcdies,387
199,1,WhitePeople,8.63591963546858E+017,2017-05-14 03:06:46,"Some  who are elected President, get caught doing what they shouldn't have been doing... ",,ustankk,386
109,85,WhitePeople,8.63591884286984E+017,2017-05-13 23:44:29,"Dear  and every people. If this pisses you off, you're probably racist. ",,ustankk,383
741,1,WhitePeople,8.63592428304912E+017,2017-05-14 03:01:10, invented basketball.,,trumpocrat,376
933,1,WhitePeople,8.63592603299742E+017,2017-05-14 02:32:32,see  trending... yep exactly what i thought it was *walks right back out* ,,jordantylandyln,373
289,285,,8.63592032874508E+017,2017-05-14 00:43:03,Democrat Party has always been the racist party. They use identity politics to pull our chains and divide us for po‚Ä¶ ,,meathouse60005,362
2107,0,WhitePeople,8.63593597546791E+017,2017-05-14 03:15:33, being a hashtag got some in their feelings.,,lwinmusic,359
94,1,"NationalSocialist, WhitePeople",8.63591867237138E+017,2017-05-14 03:00:06,"""Where like begets like there will be harmony,"" runs an old  adage
‚Ä¶ ",,finnationalist,358
544,0,WhitePeople,8.63592245575827E+017,2017-05-14 03:10:10," @realDonaldTrump @Scavino45 @PressSec 

Let's Make America Great Again, together! üá∫üá∏ ",,CaptDeplorable,356
2017,0,WhitePeople,8.63593522036953E+017,2017-05-14 03:15:15,"

You will not replace us ",https://twitter.com/Rw_LOVE_Squad/status/863589313333923841,WeAreWatching1,354
604,6,"WhitePeople, IForgotToPackMy, Trump45, InconvenienceAFilm, MAGA, ButtHurtLiberals",8.63592299594469E+017,2017-05-13 23:18:16," ""Liberty University""     ‚Ä¶ ",,chazmology777,349
1012,1,whitePeople,8.63592666449236E+017,2017-05-14 02:52:38,"White People tweeting about  making it trend and blaming it on the left, beautiful.",,JDVandersnoot,346
795,0,,8.63592470642389E+017,2017-05-14 03:11:04,"Liberalism has taken on a new shape, now what was reality and made sense is now hypocritical and deserves impeachmentüòÇ be careful liberals! ",https://twitter.com/i/web/status/863592470642388992,JKBoyer77,342
658,0,whitepeople,8.63592357182153E+017,2017-05-14 03:10:37,I'm pro diversity so fuck  am I right?,,chase_wsu,341
14,0,"Eurovision, UFC211, Portugal, WhitePeople",8.63591711842247E+017,2017-05-14 03:08:03,Hillary Clinton - a true story of murder   i   ,http://www.youtube.com/watch?v=_g_WVWjQ-8Q,VannessaNivaldo,339
1449,0,whitepeople,8.63593045706625E+017,2017-05-14 03:13:21,@Rambobiggs @slice6467  keep stock trading. Buy $BVTK and you will be rich. Most undervalued stock on the OTC. ,https://twitter.com/i/web/status/863593045706625025,iseki_online,328
904,11,,8.635925787254E+017,2017-05-14 02:42:14,There is not one law that affords White people rights that are denied to non-whites. Institutional racism doesn't exist. ,,EsotericFrogGod,324
396,0,"WhitePeople, BLM",8.6359212433963E+017,2017-05-14 03:09:41,@Stevenwhirsch99 @Shalom555222 People RT  &amp;  are racists . What happened to skin color doesn't matter?  bcuz they protect &amp; serve ALL LIVES,https://twitter.com/i/web/status/863592124339630080,Natashasjam,323
731,14,"WhitePeople, WhitePeople",8.63592421636158E+017,2017-05-14 02:03:39,"This belongs on .
Apparently if you know  benefit from white supremacy you hate white peopl‚Ä¶ ",,MountainCrone,321
85,979,WhitePeople,8.6359186162101E+017,2017-05-13 23:36:00,"For someone who loves ""diversity"" so much, Macron has a lot of  on his campaign staff. ",,somedaygirl,317
930,0,,8.63592601877975E+017,2017-05-14 03:11:35,Turns oven on broil. Places laptop inside ,https://twitter.com/hotfiyastarter/status/863556632072118272,DaKcStork,316
1467,0,,8.63593063259746E+017,2017-05-14 03:13:25,As you should be unlike everybody else you're the first person I've seen say this ,https://twitter.com/melindaqrey/status/863592566327042048,MelaninMManson,315
38,0,whitepeople,8.63591734000931E+017,2017-05-14 03:08:08,Anti-White Bots Trying to Take Over Twitter's   via @wordpressdotcom,https://saboteur365.wordpress.com/2017/05/13/anti-white-bots-trying-to-take-over-twitters-whitepeople/,saboteur365,312
1312,0,WhitePeople,8.63592925367722E+017,2017-05-14 03:12:52,"We're dying, but that's okay, this is symbolic for how @MoveOn and @TheDemocrats want  to die anyway. ",,HomeboyDagga,311
1498,0,WhitePeople,8.63593088949916E+017,2017-05-14 03:13:31,I hate them ,,BengalDesigns,310
268,12,WhitePeople,8.63592020379669E+017,2017-05-14 02:22:26,  Don't let the barbarians destroy what your ancestors built.  Stand up WhitePeople.  The time is now. ,,American12310,307
1292,0,WhitePeople,8.63592913644601E+017,2017-05-14 03:12:50,White women tired of your disrespect fuckoooffffff ,,Felisha83819049,305
473,0,,8.63592190018114E+017,2017-05-14 03:09:57,this isn't funny but it's funny ,https://twitter.com/adinb0ss/status/863546943435407360,blaxxjalapenos,304
2091,1,WhitePeople,8.63593580841112E+017,2017-05-13 22:18:21,Most  don't hate anybody. But they are not going to be guilted out of their Countries or Possessions. They owe us nothing.,,nanaluvsthree3,303
1328,0,WhitePeople,8.63592940479885E+017,2017-05-14 03:12:56,";

Oh wait... ",https://twitter.com/NorthernILAlive/status/863589572176781312,RedPilled88,300
57,1,"WhitePeople, DannyWilliams, AfricanAmericans",8.63591843853992E+017,2017-05-14 02:46:32," like @billclinton had kids named  and didnt own up to him, yet many  voted for his wife.",,JaynePenelope,299
257,21,WhitePeople,8.6359201170165E+017,2017-05-14 02:15:17,"Dear 

You realize there are organizations that exist whose purpose is to PROFIT off of YOUR GUILT don'‚Ä¶ ",,lakeemk,298
65,685,,8.63591756939526E+017,2017-05-13 23:28:35,I'm pretty sure Martin Luther King Jr's dream did not include miserable liberal Democrats inciting hatred against‚Ä¶ ,,AnnAdki61964612,294
1540,1,"LoveMyPOTUS, WhitePeople, HappySaturday",8.63593123192209E+017,2017-05-13 23:36:08,"2 scoops of choc chip cookie dough! In honor of MY @POTUS !
   ",,9975Ts,291
425,0,WhitePeople,8.63592150096806E+017,2017-05-14 03:09:48,"There was no murder , stealing or rape before white people came along there was world peace and everyone could fly. ",,jojoofu1,289
1925,0,WhitePeople,8.63593447843914E+017,2017-05-14 03:14:57,hate yall ,,fireflyphiI,288
65,45,WhitePeople,8.63591844592144E+017,2017-05-14 00:19:09,The people saying that  aren't responsible for speaking out against racism are the same ones that want all Muslims to apologize.,,thewobbleeffect,284
